"sep=;"
"ordinal_id";"github_repo_id";"repo_full_name";"repo_html_url";"repo_forks_count";"stargazers_count";"contributors_count";"repo_created_at";"repo_is_fork";"repo_has_issues";"repo_open_issues_count";"repo_has_wiki";"repo_network_count";"repo_pushed_at";"repo_size";"repo_updated_at";"repo_watchers_count";"project_id";"project_name";"project_url";"project_htmlurl";"project_created_at";"project_updated_at";"project_homepage_url";"project_average_rating";"project_rating_count";"project_review_count";"project_activity_level";"project_user_count";"twelve_month_contributor_count";"total_contributor_count";"twelve_month_commit_count";"total_commit_count";"total_code_lines";"main_language_name";"developer_works_during_bd";"developer_works_period";"developer_all_pushes";"developer_all_stars_given";"developer_all_creations";"developer_all_issues_created";"developer_all_pull_requests"
"27";"HeliumProject/Helium";"HeliumProject/Helium";"https://github.com/HeliumProject/Helium";"42";"202";"11";"2010-10-04 23:13:39";"False";"True";"21";"False";"42";"2015-01-19 17:17:47";"118572";"2015-01-19 20:58:25";"202";"487787";"Helium Project";"https://www.openhub.net/p/helium-project.xml";"https://www.openhub.net/p/helium-project";"2011-01-26T20:24:53Z";"2014-12-15T11:34:16Z";"http://heliumproject.org";"5.0";"1";"0";"50";"2";"7";"29";"269";"3387";"148488";"C++";"None";"0";"0";"0";"0";"0";"0"
"73";"unknown-horizons/gci";"unknown-horizons/gci";"https://github.com/unknown-horizons/gci";"0";"0";"10";"2012-11-18 00:31:08";"False";"True";"0";"True";"0";"2012-12-02 19:06:52";"156";"2013-12-22 10:08:21";"0";"323656";"Unknown Horizons";"https://www.openhub.net/p/unknown-horizons.xml";"https://www.openhub.net/p/unknown-horizons";"2009-04-11T21:07:27Z";"2015-01-13T18:38:15Z";"http://www.unknown-horizons.org";"4.63636";"11";"0";"60";"19";"80";"197";"574";"14431";"69290";"Python";"True";"24";"61";"0";"8";"8";"0"
"39";"colindean/plas";"colindean/plas";"https://github.com/colindean/plas";"4";"14";"2";"2010-09-16 01:55:06";"False";"True";"29";"True";"4";"2014-05-19 23:53:28";"1349";"2014-09-26 21:02:25";"14";"16275";"Pittco LAN Administration System";"https://www.openhub.net/p/plas.xml";"https://www.openhub.net/p/plas";"2008-08-25T17:22:27Z";"2014-10-27T01:54:34Z";"http://www.pittco.org";"5.0";"1";"0";"0";"1";"2";"5";"4";"313";"5170";"Ruby";"True";"320";"445";"0";"119";"172";"57"
"55";"Illarion-eV/Illarion-Java";"Illarion-eV/Illarion-Java";"https://github.com/Illarion-eV/Illarion-Java";"21";"26";"1";"2011-06-13 16:22:38";"False";"False";"0";"False";"21";"2015-01-18 22:51:05";"23139";"2015-01-15 21:13:01";"26";"585074";"Illarion";"https://www.openhub.net/p/illarion.xml";"https://www.openhub.net/p/illarion";"2011-07-14T07:58:20Z";"2015-01-08T02:04:12Z";"http://illarion.org";"5.0";"1";"0";"70";"1";"26";"56";"2771";"21573";"-93881";"Java";"True";"90";"242";"0";"13";"0";"3"
"49";"mana/mana";"mana/mana";"https://github.com/mana/mana";"34";"59";"10";"2011-03-14 23:44:32";"False";"True";"0";"False";"34";"2013-09-08 16:50:36";"2292";"2014-10-16 08:08:11";"59";"467785";"The Mana Project";"https://www.openhub.net/p/mana.xml";"https://www.openhub.net/p/mana";"2009-10-27T10:04:24Z";"2014-12-19T20:06:09Z";"http://manasource.org/";"5.0";"1";"0";"30";"1";"2";"109";"41";"8737";"142164";"C++";"True";"132";"47";"0";"0";"45";"30"
"2";"OpenELEC/OpenELEC.tv";"OpenELEC/OpenELEC.tv";"https://github.com/OpenELEC/OpenELEC.tv";"635";"1214";"10";"2010-11-18 22:06:47";"False";"True";"108";"False";"635";"2015-01-19 18:54:51";"255348";"2015-01-19 19:36:46";"1214";"178437";"OpenELEC - Media Center Operating System";"https://www.openhub.net/p/OpenELEC.xml";"https://www.openhub.net/p/OpenELEC";"2009-01-16T17:53:14Z";"2015-01-18T12:09:20Z";"http://openelec.tv";"5.0";"3";"0";"70";"14";"61";"188";"3076";"54405";"79022";"shell script";"False";"1539";"2339";"0";"0";"657";"405"
"68";"spring/spring";"spring/spring";"https://github.com/spring/spring";"268";"576";"7";"2008-12-22 20:07:59";"False";"False";"11";"False";"268";"2015-01-20 00:23:05";"171374";"2015-01-20 00:23:05";"576";"6454";"Spring RTS Engine";"https://www.openhub.net/p/springrts.xml";"https://www.openhub.net/p/springrts";"2007-07-06T07:54:52Z";"2015-01-15T21:15:28Z";"http://springrts.com/";"4.8";"15";"0";"60";"28";"22";"105";"1117";"22523";"574735";"C++";"False";"30";"13";"4";"0";"4";"0"
"27";"HeliumProject/Helium";"HeliumProject/Helium";"https://github.com/HeliumProject/Helium";"42";"202";"11";"2010-10-04 23:13:39";"False";"True";"21";"False";"42";"2015-01-19 17:17:47";"118572";"2015-01-19 20:58:25";"202";"487787";"Helium Project";"https://www.openhub.net/p/helium-project.xml";"https://www.openhub.net/p/helium-project";"2011-01-26T20:24:53Z";"2014-12-15T11:34:16Z";"http://heliumproject.org";"5.0";"1";"0";"50";"2";"7";"29";"269";"3387";"148488";"C++";"True";"24";"0";"29";"0";"0";"0"
"73";"unknown-horizons/gci";"unknown-horizons/gci";"https://github.com/unknown-horizons/gci";"0";"0";"10";"2012-11-18 00:31:08";"False";"True";"0";"True";"0";"2012-12-02 19:06:52";"156";"2013-12-22 10:08:21";"0";"323656";"Unknown Horizons";"https://www.openhub.net/p/unknown-horizons.xml";"https://www.openhub.net/p/unknown-horizons";"2009-04-11T21:07:27Z";"2015-01-13T18:38:15Z";"http://www.unknown-horizons.org";"4.63636";"11";"0";"60";"19";"80";"197";"574";"14431";"69290";"Python";"False";"66";"1";"285";"4";"0";"0"
"39";"colindean/plas";"colindean/plas";"https://github.com/colindean/plas";"4";"14";"2";"2010-09-16 01:55:06";"False";"True";"29";"True";"4";"2014-05-19 23:53:28";"1349";"2014-09-26 21:02:25";"14";"16275";"Pittco LAN Administration System";"https://www.openhub.net/p/plas.xml";"https://www.openhub.net/p/plas";"2008-08-25T17:22:27Z";"2014-10-27T01:54:34Z";"http://www.pittco.org";"5.0";"1";"0";"0";"1";"2";"5";"4";"313";"5170";"Ruby";"True";"46";"145";"12";"26";"0";"15"
"27";"HeliumProject/Helium";"HeliumProject/Helium";"https://github.com/HeliumProject/Helium";"42";"202";"11";"2010-10-04 23:13:39";"False";"True";"21";"False";"42";"2015-01-19 17:17:47";"118572";"2015-01-19 20:58:25";"202";"487787";"Helium Project";"https://www.openhub.net/p/helium-project.xml";"https://www.openhub.net/p/helium-project";"2011-01-26T20:24:53Z";"2014-12-15T11:34:16Z";"http://heliumproject.org";"5.0";"1";"0";"50";"2";"7";"29";"269";"3387";"148488";"C++";"True";"2";"3";"0";"0";"0";"0"
"49";"mana/mana";"mana/mana";"https://github.com/mana/mana";"34";"59";"10";"2011-03-14 23:44:32";"False";"True";"0";"False";"34";"2013-09-08 16:50:36";"2292";"2014-10-16 08:08:11";"59";"467785";"The Mana Project";"https://www.openhub.net/p/mana.xml";"https://www.openhub.net/p/mana";"2009-10-27T10:04:24Z";"2014-12-19T20:06:09Z";"http://manasource.org/";"5.0";"1";"0";"30";"1";"2";"109";"41";"8737";"142164";"C++";"False";"208";"91";"0";"9";"0";"57"
"68";"spring/spring";"spring/spring";"https://github.com/spring/spring";"268";"576";"7";"2008-12-22 20:07:59";"False";"False";"11";"False";"268";"2015-01-20 00:23:05";"171374";"2015-01-20 00:23:05";"576";"6454";"Spring RTS Engine";"https://www.openhub.net/p/springrts.xml";"https://www.openhub.net/p/springrts";"2007-07-06T07:54:52Z";"2015-01-15T21:15:28Z";"http://springrts.com/";"4.8";"15";"0";"60";"28";"22";"105";"1117";"22523";"574735";"C++";"False";"1815";"3843";"0";"0";"669";"0"
"2";"OpenELEC/OpenELEC.tv";"OpenELEC/OpenELEC.tv";"https://github.com/OpenELEC/OpenELEC.tv";"635";"1214";"10";"2010-11-18 22:06:47";"False";"True";"108";"False";"635";"2015-01-19 18:54:51";"255348";"2015-01-19 19:36:46";"1214";"178437";"OpenELEC - Media Center Operating System";"https://www.openhub.net/p/OpenELEC.xml";"https://www.openhub.net/p/OpenELEC";"2009-01-16T17:53:14Z";"2015-01-18T12:09:20Z";"http://openelec.tv";"5.0";"3";"0";"70";"14";"61";"188";"3076";"54405";"79022";"shell script";"None";"0";"0";"0";"0";"0";"0"
"81";"themanaworld/tmwa-client-data";"themanaworld/tmwa-client-data";"https://github.com/themanaworld/tmwa-client-data";"58";"31";"4";"2012-02-02 19:23:36";"False";"True";"31";"True";"58";"2015-01-12 16:19:49";"92673";"2015-01-16 17:19:53";"31";"3260";"The Mana World";"https://www.openhub.net/p/themanaworld.xml";"https://www.openhub.net/p/themanaworld";"2006-10-19T20:52:51Z";"2015-01-10T11:35:22Z";"http://themanaworld.org/";"3.93333";"15";"0";"60";"13";"19";"129";"1065";"7143";"356979";"C++";"False";"2091";"1970";"0";"0";"326";"150"
"55";"Illarion-eV/Illarion-Server";"Illarion-eV/Illarion-Server";"https://github.com/Illarion-eV/Illarion-Server";"12";"17";"1";"2011-06-26 11:03:19";"False";"True";"0";"True";"12";"2015-01-19 22:56:07";"13052";"2015-01-16 11:38:02";"17";"585074";"Illarion";"https://www.openhub.net/p/illarion.xml";"https://www.openhub.net/p/illarion";"2011-07-14T07:58:20Z";"2015-01-08T02:04:12Z";"http://illarion.org";"5.0";"1";"0";"70";"1";"26";"56";"2771";"21573";"-93881";"Java";"True";"240";"971";"0";"13";"0";"3"
"73";"unknown-horizons/gci";"unknown-horizons/gci";"https://github.com/unknown-horizons/gci";"0";"0";"10";"2012-11-18 00:31:08";"False";"True";"0";"True";"0";"2012-12-02 19:06:52";"156";"2013-12-22 10:08:21";"0";"323656";"Unknown Horizons";"https://www.openhub.net/p/unknown-horizons.xml";"https://www.openhub.net/p/unknown-horizons";"2009-04-11T21:07:27Z";"2015-01-13T18:38:15Z";"http://www.unknown-horizons.org";"4.63636";"11";"0";"60";"19";"80";"197";"574";"14431";"69290";"Python";"False";"55";"48";"3";"0";"22";"0"
"27";"HeliumProject/Helium";"HeliumProject/Helium";"https://github.com/HeliumProject/Helium";"42";"202";"11";"2010-10-04 23:13:39";"False";"True";"21";"False";"42";"2015-01-19 17:17:47";"118572";"2015-01-19 20:58:25";"202";"487787";"Helium Project";"https://www.openhub.net/p/helium-project.xml";"https://www.openhub.net/p/helium-project";"2011-01-26T20:24:53Z";"2014-12-15T11:34:16Z";"http://heliumproject.org";"5.0";"1";"0";"50";"2";"7";"29";"269";"3387";"148488";"C++";"None";"0";"0";"0";"0";"0";"0"
"49";"mana/mana";"mana/mana";"https://github.com/mana/mana";"34";"59";"10";"2011-03-14 23:44:32";"False";"True";"0";"False";"34";"2013-09-08 16:50:36";"2292";"2014-10-16 08:08:11";"59";"467785";"The Mana Project";"https://www.openhub.net/p/mana.xml";"https://www.openhub.net/p/mana";"2009-10-27T10:04:24Z";"2014-12-19T20:06:09Z";"http://manasource.org/";"5.0";"1";"0";"30";"1";"2";"109";"41";"8737";"142164";"C++";"False";"2091";"1970";"0";"0";"326";"150"
"68";"spring/spring";"spring/spring";"https://github.com/spring/spring";"268";"576";"7";"2008-12-22 20:07:59";"False";"False";"11";"False";"268";"2015-01-20 00:23:05";"171374";"2015-01-20 00:23:05";"576";"6454";"Spring RTS Engine";"https://www.openhub.net/p/springrts.xml";"https://www.openhub.net/p/springrts";"2007-07-06T07:54:52Z";"2015-01-15T21:15:28Z";"http://springrts.com/";"4.8";"15";"0";"60";"28";"22";"105";"1117";"22523";"574735";"C++";"None";"0";"0";"0";"0";"0";"0"
"2";"OpenELEC/OpenELEC.tv";"OpenELEC/OpenELEC.tv";"https://github.com/OpenELEC/OpenELEC.tv";"635";"1214";"10";"2010-11-18 22:06:47";"False";"True";"108";"False";"635";"2015-01-19 18:54:51";"255348";"2015-01-19 19:36:46";"1214";"178437";"OpenELEC - Media Center Operating System";"https://www.openhub.net/p/OpenELEC.xml";"https://www.openhub.net/p/OpenELEC";"2009-01-16T17:53:14Z";"2015-01-18T12:09:20Z";"http://openelec.tv";"5.0";"3";"0";"70";"14";"61";"188";"3076";"54405";"79022";"shell script";"False";"1170";"2145";"0";"170";"31";"95"
"81";"themanaworld/tmwa-client-data";"themanaworld/tmwa-client-data";"https://github.com/themanaworld/tmwa-client-data";"58";"31";"4";"2012-02-02 19:23:36";"False";"True";"31";"True";"58";"2015-01-12 16:19:49";"92673";"2015-01-16 17:19:53";"31";"3260";"The Mana World";"https://www.openhub.net/p/themanaworld.xml";"https://www.openhub.net/p/themanaworld";"2006-10-19T20:52:51Z";"2015-01-10T11:35:22Z";"http://themanaworld.org/";"3.93333";"15";"0";"60";"13";"19";"129";"1065";"7143";"356979";"C++";"None";"0";"0";"0";"0";"0";"0"
"73";"unknown-horizons/gci";"unknown-horizons/gci";"https://github.com/unknown-horizons/gci";"0";"0";"10";"2012-11-18 00:31:08";"False";"True";"0";"True";"0";"2012-12-02 19:06:52";"156";"2013-12-22 10:08:21";"0";"323656";"Unknown Horizons";"https://www.openhub.net/p/unknown-horizons.xml";"https://www.openhub.net/p/unknown-horizons";"2009-04-11T21:07:27Z";"2015-01-13T18:38:15Z";"http://www.unknown-horizons.org";"4.63636";"11";"0";"60";"19";"80";"197";"574";"14431";"69290";"Python";"None";"0";"0";"0";"0";"0";"0"
"27";"HeliumProject/Helium";"HeliumProject/Helium";"https://github.com/HeliumProject/Helium";"42";"202";"11";"2010-10-04 23:13:39";"False";"True";"21";"False";"42";"2015-01-19 17:17:47";"118572";"2015-01-19 20:58:25";"202";"487787";"Helium Project";"https://www.openhub.net/p/helium-project.xml";"https://www.openhub.net/p/helium-project";"2011-01-26T20:24:53Z";"2014-12-15T11:34:16Z";"http://heliumproject.org";"5.0";"1";"0";"50";"2";"7";"29";"269";"3387";"148488";"C++";"False";"1";"0";"0";"1";"0";"0"
"49";"mana/mana";"mana/mana";"https://github.com/mana/mana";"34";"59";"10";"2011-03-14 23:44:32";"False";"True";"0";"False";"34";"2013-09-08 16:50:36";"2292";"2014-10-16 08:08:11";"59";"467785";"The Mana Project";"https://www.openhub.net/p/mana.xml";"https://www.openhub.net/p/mana";"2009-10-27T10:04:24Z";"2014-12-19T20:06:09Z";"http://manasource.org/";"5.0";"1";"0";"30";"1";"2";"109";"41";"8737";"142164";"C++";"None";"0";"0";"0";"0";"0";"0"
"68";"spring/spring";"spring/spring";"https://github.com/spring/spring";"268";"576";"7";"2008-12-22 20:07:59";"False";"False";"11";"False";"268";"2015-01-20 00:23:05";"171374";"2015-01-20 00:23:05";"576";"6454";"Spring RTS Engine";"https://www.openhub.net/p/springrts.xml";"https://www.openhub.net/p/springrts";"2007-07-06T07:54:52Z";"2015-01-15T21:15:28Z";"http://springrts.com/";"4.8";"15";"0";"60";"28";"22";"105";"1117";"22523";"574735";"C++";"False";"24";"9";"0";"8";"0";"6"
"2";"OpenELEC/OpenELEC.tv";"OpenELEC/OpenELEC.tv";"https://github.com/OpenELEC/OpenELEC.tv";"635";"1214";"10";"2010-11-18 22:06:47";"False";"True";"108";"False";"635";"2015-01-19 18:54:51";"255348";"2015-01-19 19:36:46";"1214";"178437";"OpenELEC - Media Center Operating System";"https://www.openhub.net/p/OpenELEC.xml";"https://www.openhub.net/p/OpenELEC";"2009-01-16T17:53:14Z";"2015-01-18T12:09:20Z";"http://openelec.tv";"5.0";"3";"0";"70";"14";"61";"188";"3076";"54405";"79022";"shell script";"None";"0";"0";"0";"0";"0";"0"
"81";"themanaworld/tmwa-client-data";"themanaworld/tmwa-client-data";"https://github.com/themanaworld/tmwa-client-data";"58";"31";"4";"2012-02-02 19:23:36";"False";"True";"31";"True";"58";"2015-01-12 16:19:49";"92673";"2015-01-16 17:19:53";"31";"3260";"The Mana World";"https://www.openhub.net/p/themanaworld.xml";"https://www.openhub.net/p/themanaworld";"2006-10-19T20:52:51Z";"2015-01-10T11:35:22Z";"http://themanaworld.org/";"3.93333";"15";"0";"60";"13";"19";"129";"1065";"7143";"356979";"C++";"False";"36";"16";"0";"7";"0";"9"
"73";"unknown-horizons/gci";"unknown-horizons/gci";"https://github.com/unknown-horizons/gci";"0";"0";"10";"2012-11-18 00:31:08";"False";"True";"0";"True";"0";"2012-12-02 19:06:52";"156";"2013-12-22 10:08:21";"0";"323656";"Unknown Horizons";"https://www.openhub.net/p/unknown-horizons.xml";"https://www.openhub.net/p/unknown-horizons";"2009-04-11T21:07:27Z";"2015-01-13T18:38:15Z";"http://www.unknown-horizons.org";"4.63636";"11";"0";"60";"19";"80";"197";"574";"14431";"69290";"Python";"False";"11";"4";"0";"3";"4";"3"
"27";"HeliumProject/Helium";"HeliumProject/Helium";"https://github.com/HeliumProject/Helium";"42";"202";"11";"2010-10-04 23:13:39";"False";"True";"21";"False";"42";"2015-01-19 17:17:47";"118572";"2015-01-19 20:58:25";"202";"487787";"Helium Project";"https://www.openhub.net/p/helium-project.xml";"https://www.openhub.net/p/helium-project";"2011-01-26T20:24:53Z";"2014-12-15T11:34:16Z";"http://heliumproject.org";"5.0";"1";"0";"50";"2";"7";"29";"269";"3387";"148488";"C++";"None";"0";"0";"0";"0";"0";"0"
"49";"mana/mana";"mana/mana";"https://github.com/mana/mana";"34";"59";"10";"2011-03-14 23:44:32";"False";"True";"0";"False";"34";"2013-09-08 16:50:36";"2292";"2014-10-16 08:08:11";"59";"467785";"The Mana Project";"https://www.openhub.net/p/mana.xml";"https://www.openhub.net/p/mana";"2009-10-27T10:04:24Z";"2014-12-19T20:06:09Z";"http://manasource.org/";"5.0";"1";"0";"30";"1";"2";"109";"41";"8737";"142164";"C++";"True";"1";"0";"1";"0";"0";"0"
"68";"spring/spring";"spring/spring";"https://github.com/spring/spring";"268";"576";"7";"2008-12-22 20:07:59";"False";"False";"11";"False";"268";"2015-01-20 00:23:05";"171374";"2015-01-20 00:23:05";"576";"6454";"Spring RTS Engine";"https://www.openhub.net/p/springrts.xml";"https://www.openhub.net/p/springrts";"2007-07-06T07:54:52Z";"2015-01-15T21:15:28Z";"http://springrts.com/";"4.8";"15";"0";"60";"28";"22";"105";"1117";"22523";"574735";"C++";"False";"70";"222";"0";"1";"0";"6"
"2";"OpenELEC/OpenELEC.tv";"OpenELEC/OpenELEC.tv";"https://github.com/OpenELEC/OpenELEC.tv";"635";"1214";"10";"2010-11-18 22:06:47";"False";"True";"108";"False";"635";"2015-01-19 18:54:51";"255348";"2015-01-19 19:36:46";"1214";"178437";"OpenELEC - Media Center Operating System";"https://www.openhub.net/p/OpenELEC.xml";"https://www.openhub.net/p/OpenELEC";"2009-01-16T17:53:14Z";"2015-01-18T12:09:20Z";"http://openelec.tv";"5.0";"3";"0";"70";"14";"61";"188";"3076";"54405";"79022";"shell script";"False";"1575";"339";"0";"93";"0";"120"
"81";"themanaworld/tmwa-client-data";"themanaworld/tmwa-client-data";"https://github.com/themanaworld/tmwa-client-data";"58";"31";"4";"2012-02-02 19:23:36";"False";"True";"31";"True";"58";"2015-01-12 16:19:49";"92673";"2015-01-16 17:19:53";"31";"3260";"The Mana World";"https://www.openhub.net/p/themanaworld.xml";"https://www.openhub.net/p/themanaworld";"2006-10-19T20:52:51Z";"2015-01-10T11:35:22Z";"http://themanaworld.org/";"3.93333";"15";"0";"60";"13";"19";"129";"1065";"7143";"356979";"C++";"True";"196";"172";"0";"46";"0";"8"
"73";"unknown-horizons/gci";"unknown-horizons/gci";"https://github.com/unknown-horizons/gci";"0";"0";"10";"2012-11-18 00:31:08";"False";"True";"0";"True";"0";"2012-12-02 19:06:52";"156";"2013-12-22 10:08:21";"0";"323656";"Unknown Horizons";"https://www.openhub.net/p/unknown-horizons.xml";"https://www.openhub.net/p/unknown-horizons";"2009-04-11T21:07:27Z";"2015-01-13T18:38:15Z";"http://www.unknown-horizons.org";"4.63636";"11";"0";"60";"19";"80";"197";"574";"14431";"69290";"Python";"False";"69";"87";"0";"9";"0";"7"
"56";"ZelconGames/Facade";"ZelconGames/Facade";"https://github.com/ZelconGames/Facade";"5";"10";"1";"2012-02-01 02:28:20";"False";"False";"0";"True";"5";"2012-04-14 21:23:27";"658";"2014-01-26 02:19:16";"10";"596195";"Facade 3D";"https://www.openhub.net/p/facade3D.xml";"https://www.openhub.net/p/facade3D";"2012-03-09T19:27:22Z";"2015-01-15T18:54:40Z";"http://facade.so";"5.0";"1";"0";"20";"1";"0";"4";"0";"56";"1250";"C++";"False";"1";"0";"0";"0";"1";"0"
"27";"HeliumProject/Helium";"HeliumProject/Helium";"https://github.com/HeliumProject/Helium";"42";"202";"11";"2010-10-04 23:13:39";"False";"True";"21";"False";"42";"2015-01-19 17:17:47";"118572";"2015-01-19 20:58:25";"202";"487787";"Helium Project";"https://www.openhub.net/p/helium-project.xml";"https://www.openhub.net/p/helium-project";"2011-01-26T20:24:53Z";"2014-12-15T11:34:16Z";"http://heliumproject.org";"5.0";"1";"0";"50";"2";"7";"29";"269";"3387";"148488";"C++";"None";"0";"0";"0";"0";"0";"0"
"49";"mana/mana";"mana/mana";"https://github.com/mana/mana";"34";"59";"10";"2011-03-14 23:44:32";"False";"True";"0";"False";"34";"2013-09-08 16:50:36";"2292";"2014-10-16 08:08:11";"59";"467785";"The Mana Project";"https://www.openhub.net/p/mana.xml";"https://www.openhub.net/p/mana";"2009-10-27T10:04:24Z";"2014-12-19T20:06:09Z";"http://manasource.org/";"5.0";"1";"0";"30";"1";"2";"109";"41";"8737";"142164";"C++";"True";"196";"172";"0";"46";"0";"8"
"68";"spring/spring";"spring/spring";"https://github.com/spring/spring";"268";"576";"7";"2008-12-22 20:07:59";"False";"False";"11";"False";"268";"2015-01-20 00:23:05";"171374";"2015-01-20 00:23:05";"576";"6454";"Spring RTS Engine";"https://www.openhub.net/p/springrts.xml";"https://www.openhub.net/p/springrts";"2007-07-06T07:54:52Z";"2015-01-15T21:15:28Z";"http://springrts.com/";"4.8";"15";"0";"60";"28";"22";"105";"1117";"22523";"574735";"C++";"None";"0";"0";"0";"0";"0";"0"
"2";"OpenELEC/OpenELEC.tv";"OpenELEC/OpenELEC.tv";"https://github.com/OpenELEC/OpenELEC.tv";"635";"1214";"10";"2010-11-18 22:06:47";"False";"True";"108";"False";"635";"2015-01-19 18:54:51";"255348";"2015-01-19 19:36:46";"1214";"178437";"OpenELEC - Media Center Operating System";"https://www.openhub.net/p/OpenELEC.xml";"https://www.openhub.net/p/OpenELEC";"2009-01-16T17:53:14Z";"2015-01-18T12:09:20Z";"http://openelec.tv";"5.0";"3";"0";"70";"14";"61";"188";"3076";"54405";"79022";"shell script";"False";"19";"17";"4";"0";"6";"6"
"73";"unknown-horizons/gci";"unknown-horizons/gci";"https://github.com/unknown-horizons/gci";"0";"0";"10";"2012-11-18 00:31:08";"False";"True";"0";"True";"0";"2012-12-02 19:06:52";"156";"2013-12-22 10:08:21";"0";"323656";"Unknown Horizons";"https://www.openhub.net/p/unknown-horizons.xml";"https://www.openhub.net/p/unknown-horizons";"2009-04-11T21:07:27Z";"2015-01-13T18:38:15Z";"http://www.unknown-horizons.org";"4.63636";"11";"0";"60";"19";"80";"197";"574";"14431";"69290";"Python";"True";"4";"6";"0";"0";"1";"0"
"27";"HeliumProject/Helium";"HeliumProject/Helium";"https://github.com/HeliumProject/Helium";"42";"202";"11";"2010-10-04 23:13:39";"False";"True";"21";"False";"42";"2015-01-19 17:17:47";"118572";"2015-01-19 20:58:25";"202";"487787";"Helium Project";"https://www.openhub.net/p/helium-project.xml";"https://www.openhub.net/p/helium-project";"2011-01-26T20:24:53Z";"2014-12-15T11:34:16Z";"http://heliumproject.org";"5.0";"1";"0";"50";"2";"7";"29";"269";"3387";"148488";"C++";"None";"0";"0";"0";"0";"0";"0"
"49";"mana/mana";"mana/mana";"https://github.com/mana/mana";"34";"59";"10";"2011-03-14 23:44:32";"False";"True";"0";"False";"34";"2013-09-08 16:50:36";"2292";"2014-10-16 08:08:11";"59";"467785";"The Mana Project";"https://www.openhub.net/p/mana.xml";"https://www.openhub.net/p/mana";"2009-10-27T10:04:24Z";"2014-12-19T20:06:09Z";"http://manasource.org/";"5.0";"1";"0";"30";"1";"2";"109";"41";"8737";"142164";"C++";"None";"0";"0";"0";"0";"0";"0"
"68";"spring/spring";"spring/spring";"https://github.com/spring/spring";"268";"576";"7";"2008-12-22 20:07:59";"False";"False";"11";"False";"268";"2015-01-20 00:23:05";"171374";"2015-01-20 00:23:05";"576";"6454";"Spring RTS Engine";"https://www.openhub.net/p/springrts.xml";"https://www.openhub.net/p/springrts";"2007-07-06T07:54:52Z";"2015-01-15T21:15:28Z";"http://springrts.com/";"4.8";"15";"0";"60";"28";"22";"105";"1117";"22523";"574735";"C++";"False";"10";"4";"0";"0";"3";"3"
"2";"OpenELEC/OpenELEC.tv";"OpenELEC/OpenELEC.tv";"https://github.com/OpenELEC/OpenELEC.tv";"635";"1214";"10";"2010-11-18 22:06:47";"False";"True";"108";"False";"635";"2015-01-19 18:54:51";"255348";"2015-01-19 19:36:46";"1214";"178437";"OpenELEC - Media Center Operating System";"https://www.openhub.net/p/OpenELEC.xml";"https://www.openhub.net/p/OpenELEC";"2009-01-16T17:53:14Z";"2015-01-18T12:09:20Z";"http://openelec.tv";"5.0";"3";"0";"70";"14";"61";"188";"3076";"54405";"79022";"shell script";"False";"76";"10";"0";"8";"26";"10"
"73";"unknown-horizons/gci";"unknown-horizons/gci";"https://github.com/unknown-horizons/gci";"0";"0";"10";"2012-11-18 00:31:08";"False";"True";"0";"True";"0";"2012-12-02 19:06:52";"156";"2013-12-22 10:08:21";"0";"323656";"Unknown Horizons";"https://www.openhub.net/p/unknown-horizons.xml";"https://www.openhub.net/p/unknown-horizons";"2009-04-11T21:07:27Z";"2015-01-13T18:38:15Z";"http://www.unknown-horizons.org";"4.63636";"11";"0";"60";"19";"80";"197";"574";"14431";"69290";"Python";"True";"94";"242";"0";"1";"0";"0"
"27";"HeliumProject/Helium";"HeliumProject/Helium";"https://github.com/HeliumProject/Helium";"42";"202";"11";"2010-10-04 23:13:39";"False";"True";"21";"False";"42";"2015-01-19 17:17:47";"118572";"2015-01-19 20:58:25";"202";"487787";"Helium Project";"https://www.openhub.net/p/helium-project.xml";"https://www.openhub.net/p/helium-project";"2011-01-26T20:24:53Z";"2014-12-15T11:34:16Z";"http://heliumproject.org";"5.0";"1";"0";"50";"2";"7";"29";"269";"3387";"148488";"C++";"True";"7";"8";"0";"0";"1";"0"
"49";"mana/mana";"mana/mana";"https://github.com/mana/mana";"34";"59";"10";"2011-03-14 23:44:32";"False";"True";"0";"False";"34";"2013-09-08 16:50:36";"2292";"2014-10-16 08:08:11";"59";"467785";"The Mana Project";"https://www.openhub.net/p/mana.xml";"https://www.openhub.net/p/mana";"2009-10-27T10:04:24Z";"2014-12-19T20:06:09Z";"http://manasource.org/";"5.0";"1";"0";"30";"1";"2";"109";"41";"8737";"142164";"C++";"None";"0";"0";"0";"0";"0";"0"
"81";"themanaworld/tmwa-server-data";"themanaworld/tmwa-server-data";"https://github.com/themanaworld/tmwa-server-data";"65";"34";"4";"2012-02-02 21:32:39";"False";"True";"40";"True";"65";"2015-01-13 14:12:17";"17617";"2015-01-16 17:21:08";"34";"3260";"The Mana World";"https://www.openhub.net/p/themanaworld.xml";"https://www.openhub.net/p/themanaworld";"2006-10-19T20:52:51Z";"2015-01-10T11:35:22Z";"http://themanaworld.org/";"3.93333";"15";"0";"60";"13";"19";"129";"1065";"7143";"356979";"C++";"False";"2091";"1970";"0";"0";"326";"150"
"2";"OpenELEC/OpenELEC.tv";"OpenELEC/OpenELEC.tv";"https://github.com/OpenELEC/OpenELEC.tv";"635";"1214";"10";"2010-11-18 22:06:47";"False";"True";"108";"False";"635";"2015-01-19 18:54:51";"255348";"2015-01-19 19:36:46";"1214";"178437";"OpenELEC - Media Center Operating System";"https://www.openhub.net/p/OpenELEC.xml";"https://www.openhub.net/p/OpenELEC";"2009-01-16T17:53:14Z";"2015-01-18T12:09:20Z";"http://openelec.tv";"5.0";"3";"0";"70";"14";"61";"188";"3076";"54405";"79022";"shell script";"False";"4";"8";"0";"0";"0";"0"
"73";"unknown-horizons/gci";"unknown-horizons/gci";"https://github.com/unknown-horizons/gci";"0";"0";"10";"2012-11-18 00:31:08";"False";"True";"0";"True";"0";"2012-12-02 19:06:52";"156";"2013-12-22 10:08:21";"0";"323656";"Unknown Horizons";"https://www.openhub.net/p/unknown-horizons.xml";"https://www.openhub.net/p/unknown-horizons";"2009-04-11T21:07:27Z";"2015-01-13T18:38:15Z";"http://www.unknown-horizons.org";"4.63636";"11";"0";"60";"19";"80";"197";"574";"14431";"69290";"Python";"False";"2";"0";"0";"0";"2";"0"
"27";"HeliumProject/Helium";"HeliumProject/Helium";"https://github.com/HeliumProject/Helium";"42";"202";"11";"2010-10-04 23:13:39";"False";"True";"21";"False";"42";"2015-01-19 17:17:47";"118572";"2015-01-19 20:58:25";"202";"487787";"Helium Project";"https://www.openhub.net/p/helium-project.xml";"https://www.openhub.net/p/helium-project";"2011-01-26T20:24:53Z";"2014-12-15T11:34:16Z";"http://heliumproject.org";"5.0";"1";"0";"50";"2";"7";"29";"269";"3387";"148488";"C++";"None";"0";"0";"0";"0";"0";"0"
"49";"mana/mana";"mana/mana";"https://github.com/mana/mana";"34";"59";"10";"2011-03-14 23:44:32";"False";"True";"0";"False";"34";"2013-09-08 16:50:36";"2292";"2014-10-16 08:08:11";"59";"467785";"The Mana Project";"https://www.openhub.net/p/mana.xml";"https://www.openhub.net/p/mana";"2009-10-27T10:04:24Z";"2014-12-19T20:06:09Z";"http://manasource.org/";"5.0";"1";"0";"30";"1";"2";"109";"41";"8737";"142164";"C++";"False";"7";"4";"0";"0";"0";"2"
"81";"themanaworld/tmwa-server-data";"themanaworld/tmwa-server-data";"https://github.com/themanaworld/tmwa-server-data";"65";"34";"4";"2012-02-02 21:32:39";"False";"True";"40";"True";"65";"2015-01-13 14:12:17";"17617";"2015-01-16 17:21:08";"34";"3260";"The Mana World";"https://www.openhub.net/p/themanaworld.xml";"https://www.openhub.net/p/themanaworld";"2006-10-19T20:52:51Z";"2015-01-10T11:35:22Z";"http://themanaworld.org/";"3.93333";"15";"0";"60";"13";"19";"129";"1065";"7143";"356979";"C++";"None";"0";"0";"0";"0";"0";"0"
"2";"OpenELEC/OpenELEC.tv";"OpenELEC/OpenELEC.tv";"https://github.com/OpenELEC/OpenELEC.tv";"635";"1214";"10";"2010-11-18 22:06:47";"False";"True";"108";"False";"635";"2015-01-19 18:54:51";"255348";"2015-01-19 19:36:46";"1214";"178437";"OpenELEC - Media Center Operating System";"https://www.openhub.net/p/OpenELEC.xml";"https://www.openhub.net/p/OpenELEC";"2009-01-16T17:53:14Z";"2015-01-18T12:09:20Z";"http://openelec.tv";"5.0";"3";"0";"70";"14";"61";"188";"3076";"54405";"79022";"shell script";"None";"0";"0";"0";"0";"0";"0"
"73";"unknown-horizons/gci";"unknown-horizons/gci";"https://github.com/unknown-horizons/gci";"0";"0";"10";"2012-11-18 00:31:08";"False";"True";"0";"True";"0";"2012-12-02 19:06:52";"156";"2013-12-22 10:08:21";"0";"323656";"Unknown Horizons";"https://www.openhub.net/p/unknown-horizons.xml";"https://www.openhub.net/p/unknown-horizons";"2009-04-11T21:07:27Z";"2015-01-13T18:38:15Z";"http://www.unknown-horizons.org";"4.63636";"11";"0";"60";"19";"80";"197";"574";"14431";"69290";"Python";"True";"80";"83";"156";"7";"3";"0"
"27";"HeliumProject/Helium";"HeliumProject/Helium";"https://github.com/HeliumProject/Helium";"42";"202";"11";"2010-10-04 23:13:39";"False";"True";"21";"False";"42";"2015-01-19 17:17:47";"118572";"2015-01-19 20:58:25";"202";"487787";"Helium Project";"https://www.openhub.net/p/helium-project.xml";"https://www.openhub.net/p/helium-project";"2011-01-26T20:24:53Z";"2014-12-15T11:34:16Z";"http://heliumproject.org";"5.0";"1";"0";"50";"2";"7";"29";"269";"3387";"148488";"C++";"None";"0";"0";"0";"0";"0";"0"
"49";"mana/mana";"mana/mana";"https://github.com/mana/mana";"34";"59";"10";"2011-03-14 23:44:32";"False";"True";"0";"False";"34";"2013-09-08 16:50:36";"2292";"2014-10-16 08:08:11";"59";"467785";"The Mana Project";"https://www.openhub.net/p/mana.xml";"https://www.openhub.net/p/mana";"2009-10-27T10:04:24Z";"2014-12-19T20:06:09Z";"http://manasource.org/";"5.0";"1";"0";"30";"1";"2";"109";"41";"8737";"142164";"C++";"False";"15";"13";"0";"24";"0";"3"
"81";"themanaworld/tmwa-server-data";"themanaworld/tmwa-server-data";"https://github.com/themanaworld/tmwa-server-data";"65";"34";"4";"2012-02-02 21:32:39";"False";"True";"40";"True";"65";"2015-01-13 14:12:17";"17617";"2015-01-16 17:21:08";"34";"3260";"The Mana World";"https://www.openhub.net/p/themanaworld.xml";"https://www.openhub.net/p/themanaworld";"2006-10-19T20:52:51Z";"2015-01-10T11:35:22Z";"http://themanaworld.org/";"3.93333";"15";"0";"60";"13";"19";"129";"1065";"7143";"356979";"C++";"False";"36";"16";"0";"7";"0";"9"
"2";"OpenELEC/OpenELEC.tv";"OpenELEC/OpenELEC.tv";"https://github.com/OpenELEC/OpenELEC.tv";"635";"1214";"10";"2010-11-18 22:06:47";"False";"True";"108";"False";"635";"2015-01-19 18:54:51";"255348";"2015-01-19 19:36:46";"1214";"178437";"OpenELEC - Media Center Operating System";"https://www.openhub.net/p/OpenELEC.xml";"https://www.openhub.net/p/OpenELEC";"2009-01-16T17:53:14Z";"2015-01-18T12:09:20Z";"http://openelec.tv";"5.0";"3";"0";"70";"14";"61";"188";"3076";"54405";"79022";"shell script";"None";"0";"0";"0";"0";"0";"0"
"58";"alphaonex86/CatchChallenger-datapack";"alphaonex86/CatchChallenger-datapack";"https://github.com/alphaonex86/CatchChallenger-datapack";"0";"1";"1";"2014-04-18 16:40:36";"False";"True";"0";"True";"0";"2014-11-19 10:41:20";"9696";"2014-11-19 10:41:20";"1";"694556";"CatchChallenger";"https://www.openhub.net/p/catchchallenger.xml";"https://www.openhub.net/p/catchchallenger";"2013-09-02T05:27:56Z";"2014-12-26T19:16:33Z";"http://catchchallenger.first-world.info/";"5.0";"1";"0";"60";"1";"2";"2";"452";"1135";"182848";"C";"False";"28";"80";"0";"0";"0";"0"
"81";"themanaworld/tmwa-server-data";"themanaworld/tmwa-server-data";"https://github.com/themanaworld/tmwa-server-data";"65";"34";"4";"2012-02-02 21:32:39";"False";"True";"40";"True";"65";"2015-01-13 14:12:17";"17617";"2015-01-16 17:21:08";"34";"3260";"The Mana World";"https://www.openhub.net/p/themanaworld.xml";"https://www.openhub.net/p/themanaworld";"2006-10-19T20:52:51Z";"2015-01-10T11:35:22Z";"http://themanaworld.org/";"3.93333";"15";"0";"60";"13";"19";"129";"1065";"7143";"356979";"C++";"True";"196";"172";"0";"46";"0";"8"
"2";"OpenELEC/OpenELEC.tv";"OpenELEC/OpenELEC.tv";"https://github.com/OpenELEC/OpenELEC.tv";"635";"1214";"10";"2010-11-18 22:06:47";"False";"True";"108";"False";"635";"2015-01-19 18:54:51";"255348";"2015-01-19 19:36:46";"1214";"178437";"OpenELEC - Media Center Operating System";"https://www.openhub.net/p/OpenELEC.xml";"https://www.openhub.net/p/OpenELEC";"2009-01-16T17:53:14Z";"2015-01-18T12:09:20Z";"http://openelec.tv";"5.0";"3";"0";"70";"14";"61";"188";"3076";"54405";"79022";"shell script";"False";"1539";"2339";"0";"0";"657";"405"
"70";"scummvm/scummvm";"scummvm/scummvm";"https://github.com/scummvm/scummvm";"227";"460";"49";"2011-02-12 15:50:57";"False";"False";"20";"False";"227";"2015-01-20 00:16:28";"226757";"2015-01-20 00:16:29";"460";"113";"ScummVM";"https://www.openhub.net/p/scummvm.xml";"https://www.openhub.net/p/scummvm";"2006-10-10T15:51:31Z";"2015-01-13T18:44:40Z";"http://www.scummvm.org/";"4.75758";"66";"0";"70";"167";"64";"192";"5198";"72964";"1721597";"C++";"True";"1";"1";"1";"0";"0";"0"
"49";"mana/manaserv";"mana/manaserv";"https://github.com/mana/manaserv";"37";"79";"10";"2011-03-23 22:15:29";"False";"True";"7";"False";"37";"2014-05-05 07:05:42";"12785";"2015-01-09 19:26:03";"79";"467785";"The Mana Project";"https://www.openhub.net/p/mana.xml";"https://www.openhub.net/p/mana";"2009-10-27T10:04:24Z";"2014-12-19T20:06:09Z";"http://manasource.org/";"5.0";"1";"0";"30";"1";"2";"109";"41";"8737";"142164";"C++";"True";"132";"47";"0";"0";"45";"30"
"2";"OpenELEC/OpenELEC.tv";"OpenELEC/OpenELEC.tv";"https://github.com/OpenELEC/OpenELEC.tv";"635";"1214";"10";"2010-11-18 22:06:47";"False";"True";"108";"False";"635";"2015-01-19 18:54:51";"255348";"2015-01-19 19:36:46";"1214";"178437";"OpenELEC - Media Center Operating System";"https://www.openhub.net/p/OpenELEC.xml";"https://www.openhub.net/p/OpenELEC";"2009-01-16T17:53:14Z";"2015-01-18T12:09:20Z";"http://openelec.tv";"5.0";"3";"0";"70";"14";"61";"188";"3076";"54405";"79022";"shell script";"None";"0";"0";"0";"0";"0";"0"
"70";"scummvm/scummvm";"scummvm/scummvm";"https://github.com/scummvm/scummvm";"227";"460";"49";"2011-02-12 15:50:57";"False";"False";"20";"False";"227";"2015-01-20 00:16:28";"226757";"2015-01-20 00:16:29";"460";"113";"ScummVM";"https://www.openhub.net/p/scummvm.xml";"https://www.openhub.net/p/scummvm";"2006-10-10T15:51:31Z";"2015-01-13T18:44:40Z";"http://www.scummvm.org/";"4.75758";"66";"0";"70";"167";"64";"192";"5198";"72964";"1721597";"C++";"None";"0";"0";"0";"0";"0";"0"
"49";"mana/manaserv";"mana/manaserv";"https://github.com/mana/manaserv";"37";"79";"10";"2011-03-23 22:15:29";"False";"True";"7";"False";"37";"2014-05-05 07:05:42";"12785";"2015-01-09 19:26:03";"79";"467785";"The Mana Project";"https://www.openhub.net/p/mana.xml";"https://www.openhub.net/p/mana";"2009-10-27T10:04:24Z";"2014-12-19T20:06:09Z";"http://manasource.org/";"5.0";"1";"0";"30";"1";"2";"109";"41";"8737";"142164";"C++";"False";"208";"91";"0";"9";"0";"57"
"81";"themanaworld/tmw-music";"themanaworld/tmw-music";"https://github.com/themanaworld/tmw-music";"14";"4";"4";"2012-02-05 13:56:39";"False";"True";"0";"True";"14";"2014-11-02 02:28:44";"55732";"2014-04-27 15:44:29";"4";"3260";"The Mana World";"https://www.openhub.net/p/themanaworld.xml";"https://www.openhub.net/p/themanaworld";"2006-10-19T20:52:51Z";"2015-01-10T11:35:22Z";"http://themanaworld.org/";"3.93333";"15";"0";"60";"13";"19";"129";"1065";"7143";"356979";"C++";"False";"2091";"1970";"0";"0";"326";"150"
"2";"OpenELEC/OpenELEC.tv";"OpenELEC/OpenELEC.tv";"https://github.com/OpenELEC/OpenELEC.tv";"635";"1214";"10";"2010-11-18 22:06:47";"False";"True";"108";"False";"635";"2015-01-19 18:54:51";"255348";"2015-01-19 19:36:46";"1214";"178437";"OpenELEC - Media Center Operating System";"https://www.openhub.net/p/OpenELEC.xml";"https://www.openhub.net/p/OpenELEC";"2009-01-16T17:53:14Z";"2015-01-18T12:09:20Z";"http://openelec.tv";"5.0";"3";"0";"70";"14";"61";"188";"3076";"54405";"79022";"shell script";"False";"1170";"2145";"0";"170";"31";"95"
"70";"scummvm/scummvm";"scummvm/scummvm";"https://github.com/scummvm/scummvm";"227";"460";"49";"2011-02-12 15:50:57";"False";"False";"20";"False";"227";"2015-01-20 00:16:28";"226757";"2015-01-20 00:16:29";"460";"113";"ScummVM";"https://www.openhub.net/p/scummvm.xml";"https://www.openhub.net/p/scummvm";"2006-10-10T15:51:31Z";"2015-01-13T18:44:40Z";"http://www.scummvm.org/";"4.75758";"66";"0";"70";"167";"64";"192";"5198";"72964";"1721597";"C++";"False";"45";"109";"0";"17";"0";"9"
"49";"mana/manaserv";"mana/manaserv";"https://github.com/mana/manaserv";"37";"79";"10";"2011-03-23 22:15:29";"False";"True";"7";"False";"37";"2014-05-05 07:05:42";"12785";"2015-01-09 19:26:03";"79";"467785";"The Mana Project";"https://www.openhub.net/p/mana.xml";"https://www.openhub.net/p/mana";"2009-10-27T10:04:24Z";"2014-12-19T20:06:09Z";"http://manasource.org/";"5.0";"1";"0";"30";"1";"2";"109";"41";"8737";"142164";"C++";"False";"2091";"1970";"0";"0";"326";"150"
"73";"unknown-horizons/unknown-horizons";"unknown-horizons/unknown-horizons";"https://github.com/unknown-horizons/unknown-horizons";"109";"251";"20";"2010-08-23 08:48:29";"False";"True";"245";"True";"109";"2015-01-19 14:44:25";"486840";"2015-01-19 14:44:25";"251";"323656";"Unknown Horizons";"https://www.openhub.net/p/unknown-horizons.xml";"https://www.openhub.net/p/unknown-horizons";"2009-04-11T21:07:27Z";"2015-01-13T18:38:15Z";"http://www.unknown-horizons.org";"4.63636";"11";"0";"60";"19";"80";"197";"574";"14431";"69290";"Python";"True";"24";"61";"0";"8";"8";"0"
"81";"themanaworld/tmw-music";"themanaworld/tmw-music";"https://github.com/themanaworld/tmw-music";"14";"4";"4";"2012-02-05 13:56:39";"False";"True";"0";"True";"14";"2014-11-02 02:28:44";"55732";"2014-04-27 15:44:29";"4";"3260";"The Mana World";"https://www.openhub.net/p/themanaworld.xml";"https://www.openhub.net/p/themanaworld";"2006-10-19T20:52:51Z";"2015-01-10T11:35:22Z";"http://themanaworld.org/";"3.93333";"15";"0";"60";"13";"19";"129";"1065";"7143";"356979";"C++";"None";"0";"0";"0";"0";"0";"0"
"2";"OpenELEC/OpenELEC.tv";"OpenELEC/OpenELEC.tv";"https://github.com/OpenELEC/OpenELEC.tv";"635";"1214";"10";"2010-11-18 22:06:47";"False";"True";"108";"False";"635";"2015-01-19 18:54:51";"255348";"2015-01-19 19:36:46";"1214";"178437";"OpenELEC - Media Center Operating System";"https://www.openhub.net/p/OpenELEC.xml";"https://www.openhub.net/p/OpenELEC";"2009-01-16T17:53:14Z";"2015-01-18T12:09:20Z";"http://openelec.tv";"5.0";"3";"0";"70";"14";"61";"188";"3076";"54405";"79022";"shell script";"None";"0";"0";"0";"0";"0";"0"
"70";"scummvm/scummvm";"scummvm/scummvm";"https://github.com/scummvm/scummvm";"227";"460";"49";"2011-02-12 15:50:57";"False";"False";"20";"False";"227";"2015-01-20 00:16:28";"226757";"2015-01-20 00:16:29";"460";"113";"ScummVM";"https://www.openhub.net/p/scummvm.xml";"https://www.openhub.net/p/scummvm";"2006-10-10T15:51:31Z";"2015-01-13T18:44:40Z";"http://www.scummvm.org/";"4.75758";"66";"0";"70";"167";"64";"192";"5198";"72964";"1721597";"C++";"False";"112";"356";"0";"0";"0";"16"
"49";"mana/manaserv";"mana/manaserv";"https://github.com/mana/manaserv";"37";"79";"10";"2011-03-23 22:15:29";"False";"True";"7";"False";"37";"2014-05-05 07:05:42";"12785";"2015-01-09 19:26:03";"79";"467785";"The Mana Project";"https://www.openhub.net/p/mana.xml";"https://www.openhub.net/p/mana";"2009-10-27T10:04:24Z";"2014-12-19T20:06:09Z";"http://manasource.org/";"5.0";"1";"0";"30";"1";"2";"109";"41";"8737";"142164";"C++";"None";"0";"0";"0";"0";"0";"0"
"73";"unknown-horizons/unknown-horizons";"unknown-horizons/unknown-horizons";"https://github.com/unknown-horizons/unknown-horizons";"109";"251";"20";"2010-08-23 08:48:29";"False";"True";"245";"True";"109";"2015-01-19 14:44:25";"486840";"2015-01-19 14:44:25";"251";"323656";"Unknown Horizons";"https://www.openhub.net/p/unknown-horizons.xml";"https://www.openhub.net/p/unknown-horizons";"2009-04-11T21:07:27Z";"2015-01-13T18:38:15Z";"http://www.unknown-horizons.org";"4.63636";"11";"0";"60";"19";"80";"197";"574";"14431";"69290";"Python";"False";"81";"113";"0";"31";"0";"35"
"81";"themanaworld/tmw-music";"themanaworld/tmw-music";"https://github.com/themanaworld/tmw-music";"14";"4";"4";"2012-02-05 13:56:39";"False";"True";"0";"True";"14";"2014-11-02 02:28:44";"55732";"2014-04-27 15:44:29";"4";"3260";"The Mana World";"https://www.openhub.net/p/themanaworld.xml";"https://www.openhub.net/p/themanaworld";"2006-10-19T20:52:51Z";"2015-01-10T11:35:22Z";"http://themanaworld.org/";"3.93333";"15";"0";"60";"13";"19";"129";"1065";"7143";"356979";"C++";"False";"36";"16";"0";"7";"0";"9"
"2";"OpenELEC/OpenELEC.tv";"OpenELEC/OpenELEC.tv";"https://github.com/OpenELEC/OpenELEC.tv";"635";"1214";"10";"2010-11-18 22:06:47";"False";"True";"108";"False";"635";"2015-01-19 18:54:51";"255348";"2015-01-19 19:36:46";"1214";"178437";"OpenELEC - Media Center Operating System";"https://www.openhub.net/p/OpenELEC.xml";"https://www.openhub.net/p/OpenELEC";"2009-01-16T17:53:14Z";"2015-01-18T12:09:20Z";"http://openelec.tv";"5.0";"3";"0";"70";"14";"61";"188";"3076";"54405";"79022";"shell script";"False";"1575";"339";"0";"93";"0";"120"
"70";"scummvm/scummvm";"scummvm/scummvm";"https://github.com/scummvm/scummvm";"227";"460";"49";"2011-02-12 15:50:57";"False";"False";"20";"False";"227";"2015-01-20 00:16:28";"226757";"2015-01-20 00:16:29";"460";"113";"ScummVM";"https://www.openhub.net/p/scummvm.xml";"https://www.openhub.net/p/scummvm";"2006-10-10T15:51:31Z";"2015-01-13T18:44:40Z";"http://www.scummvm.org/";"4.75758";"66";"0";"70";"167";"64";"192";"5198";"72964";"1721597";"C++";"False";"42";"39";"0";"0";"0";"2"
"49";"mana/manaserv";"mana/manaserv";"https://github.com/mana/manaserv";"37";"79";"10";"2011-03-23 22:15:29";"False";"True";"7";"False";"37";"2014-05-05 07:05:42";"12785";"2015-01-09 19:26:03";"79";"467785";"The Mana Project";"https://www.openhub.net/p/mana.xml";"https://www.openhub.net/p/mana";"2009-10-27T10:04:24Z";"2014-12-19T20:06:09Z";"http://manasource.org/";"5.0";"1";"0";"30";"1";"2";"109";"41";"8737";"142164";"C++";"True";"1";"0";"1";"0";"0";"0"
"73";"unknown-horizons/unknown-horizons";"unknown-horizons/unknown-horizons";"https://github.com/unknown-horizons/unknown-horizons";"109";"251";"20";"2010-08-23 08:48:29";"False";"True";"245";"True";"109";"2015-01-19 14:44:25";"486840";"2015-01-19 14:44:25";"251";"323656";"Unknown Horizons";"https://www.openhub.net/p/unknown-horizons.xml";"https://www.openhub.net/p/unknown-horizons";"2009-04-11T21:07:27Z";"2015-01-13T18:38:15Z";"http://www.unknown-horizons.org";"4.63636";"11";"0";"60";"19";"80";"197";"574";"14431";"69290";"Python";"False";"66";"1";"285";"4";"0";"0"
"81";"themanaworld/tmw-music";"themanaworld/tmw-music";"https://github.com/themanaworld/tmw-music";"14";"4";"4";"2012-02-05 13:56:39";"False";"True";"0";"True";"14";"2014-11-02 02:28:44";"55732";"2014-04-27 15:44:29";"4";"3260";"The Mana World";"https://www.openhub.net/p/themanaworld.xml";"https://www.openhub.net/p/themanaworld";"2006-10-19T20:52:51Z";"2015-01-10T11:35:22Z";"http://themanaworld.org/";"3.93333";"15";"0";"60";"13";"19";"129";"1065";"7143";"356979";"C++";"True";"196";"172";"0";"46";"0";"8"
"2";"OpenELEC/OpenELEC.tv";"OpenELEC/OpenELEC.tv";"https://github.com/OpenELEC/OpenELEC.tv";"635";"1214";"10";"2010-11-18 22:06:47";"False";"True";"108";"False";"635";"2015-01-19 18:54:51";"255348";"2015-01-19 19:36:46";"1214";"178437";"OpenELEC - Media Center Operating System";"https://www.openhub.net/p/OpenELEC.xml";"https://www.openhub.net/p/OpenELEC";"2009-01-16T17:53:14Z";"2015-01-18T12:09:20Z";"http://openelec.tv";"5.0";"3";"0";"70";"14";"61";"188";"3076";"54405";"79022";"shell script";"False";"19";"17";"4";"0";"6";"6"
"70";"scummvm/scummvm";"scummvm/scummvm";"https://github.com/scummvm/scummvm";"227";"460";"49";"2011-02-12 15:50:57";"False";"False";"20";"False";"227";"2015-01-20 00:16:28";"226757";"2015-01-20 00:16:29";"460";"113";"ScummVM";"https://www.openhub.net/p/scummvm.xml";"https://www.openhub.net/p/scummvm";"2006-10-10T15:51:31Z";"2015-01-13T18:44:40Z";"http://www.scummvm.org/";"4.75758";"66";"0";"70";"167";"64";"192";"5198";"72964";"1721597";"C++";"False";"232";"670";"0";"0";"0";"12"
"49";"mana/manaserv";"mana/manaserv";"https://github.com/mana/manaserv";"37";"79";"10";"2011-03-23 22:15:29";"False";"True";"7";"False";"37";"2014-05-05 07:05:42";"12785";"2015-01-09 19:26:03";"79";"467785";"The Mana Project";"https://www.openhub.net/p/mana.xml";"https://www.openhub.net/p/mana";"2009-10-27T10:04:24Z";"2014-12-19T20:06:09Z";"http://manasource.org/";"5.0";"1";"0";"30";"1";"2";"109";"41";"8737";"142164";"C++";"True";"196";"172";"0";"46";"0";"8"
"73";"unknown-horizons/unknown-horizons";"unknown-horizons/unknown-horizons";"https://github.com/unknown-horizons/unknown-horizons";"109";"251";"20";"2010-08-23 08:48:29";"False";"True";"245";"True";"109";"2015-01-19 14:44:25";"486840";"2015-01-19 14:44:25";"251";"323656";"Unknown Horizons";"https://www.openhub.net/p/unknown-horizons.xml";"https://www.openhub.net/p/unknown-horizons";"2009-04-11T21:07:27Z";"2015-01-13T18:38:15Z";"http://www.unknown-horizons.org";"4.63636";"11";"0";"60";"19";"80";"197";"574";"14431";"69290";"Python";"False";"55";"48";"3";"0";"22";"0"
"2";"OpenELEC/OpenELEC.tv";"OpenELEC/OpenELEC.tv";"https://github.com/OpenELEC/OpenELEC.tv";"635";"1214";"10";"2010-11-18 22:06:47";"False";"True";"108";"False";"635";"2015-01-19 18:54:51";"255348";"2015-01-19 19:36:46";"1214";"178437";"OpenELEC - Media Center Operating System";"https://www.openhub.net/p/OpenELEC.xml";"https://www.openhub.net/p/OpenELEC";"2009-01-16T17:53:14Z";"2015-01-18T12:09:20Z";"http://openelec.tv";"5.0";"3";"0";"70";"14";"61";"188";"3076";"54405";"79022";"shell script";"False";"76";"10";"0";"8";"26";"10"
"111";"Tametomo/Aethyra";"Tametomo/Aethyra";"https://github.com/Tametomo/Aethyra";"3";"7";"2";"2009-06-25 17:40:23";"False";"True";"0";"False";"3";"2012-11-17 22:49:56";"24322";"2014-05-12 11:41:35";"7";"36280";"Aethyra";"https://www.openhub.net/p/aethyra.xml";"https://www.openhub.net/p/aethyra";"2008-12-11T07:14:35Z";"2014-10-27T08:07:18Z";"http://www.aethyra.com";"None";"0";"0";"0";"1";"0";"60";"0";"4099";"41900";"C++";"None";"0";"0";"0";"0";"0";"0"
"70";"scummvm/scummvm";"scummvm/scummvm";"https://github.com/scummvm/scummvm";"227";"460";"49";"2011-02-12 15:50:57";"False";"False";"20";"False";"227";"2015-01-20 00:16:28";"226757";"2015-01-20 00:16:29";"460";"113";"ScummVM";"https://www.openhub.net/p/scummvm.xml";"https://www.openhub.net/p/scummvm";"2006-10-10T15:51:31Z";"2015-01-13T18:44:40Z";"http://www.scummvm.org/";"4.75758";"66";"0";"70";"167";"64";"192";"5198";"72964";"1721597";"C++";"True";"688";"1942";"0";"0";"0";"0"
"49";"mana/manaserv";"mana/manaserv";"https://github.com/mana/manaserv";"37";"79";"10";"2011-03-23 22:15:29";"False";"True";"7";"False";"37";"2014-05-05 07:05:42";"12785";"2015-01-09 19:26:03";"79";"467785";"The Mana Project";"https://www.openhub.net/p/mana.xml";"https://www.openhub.net/p/mana";"2009-10-27T10:04:24Z";"2014-12-19T20:06:09Z";"http://manasource.org/";"5.0";"1";"0";"30";"1";"2";"109";"41";"8737";"142164";"C++";"None";"0";"0";"0";"0";"0";"0"
"73";"unknown-horizons/unknown-horizons";"unknown-horizons/unknown-horizons";"https://github.com/unknown-horizons/unknown-horizons";"109";"251";"20";"2010-08-23 08:48:29";"False";"True";"245";"True";"109";"2015-01-19 14:44:25";"486840";"2015-01-19 14:44:25";"251";"323656";"Unknown Horizons";"https://www.openhub.net/p/unknown-horizons.xml";"https://www.openhub.net/p/unknown-horizons";"2009-04-11T21:07:27Z";"2015-01-13T18:38:15Z";"http://www.unknown-horizons.org";"4.63636";"11";"0";"60";"19";"80";"197";"574";"14431";"69290";"Python";"None";"0";"0";"0";"0";"0";"0"
"2";"OpenELEC/OpenELEC.tv";"OpenELEC/OpenELEC.tv";"https://github.com/OpenELEC/OpenELEC.tv";"635";"1214";"10";"2010-11-18 22:06:47";"False";"True";"108";"False";"635";"2015-01-19 18:54:51";"255348";"2015-01-19 19:36:46";"1214";"178437";"OpenELEC - Media Center Operating System";"https://www.openhub.net/p/OpenELEC.xml";"https://www.openhub.net/p/OpenELEC";"2009-01-16T17:53:14Z";"2015-01-18T12:09:20Z";"http://openelec.tv";"5.0";"3";"0";"70";"14";"61";"188";"3076";"54405";"79022";"shell script";"False";"4";"8";"0";"0";"0";"0"
"111";"Tametomo/Aethyra";"Tametomo/Aethyra";"https://github.com/Tametomo/Aethyra";"3";"7";"2";"2009-06-25 17:40:23";"False";"True";"0";"False";"3";"2012-11-17 22:49:56";"24322";"2014-05-12 11:41:35";"7";"36280";"Aethyra";"https://www.openhub.net/p/aethyra.xml";"https://www.openhub.net/p/aethyra";"2008-12-11T07:14:35Z";"2014-10-27T08:07:18Z";"http://www.aethyra.com";"None";"0";"0";"0";"1";"0";"60";"0";"4099";"41900";"C++";"None";"0";"0";"0";"0";"0";"0"
"70";"scummvm/scummvm";"scummvm/scummvm";"https://github.com/scummvm/scummvm";"227";"460";"49";"2011-02-12 15:50:57";"False";"False";"20";"False";"227";"2015-01-20 00:16:28";"226757";"2015-01-20 00:16:29";"460";"113";"ScummVM";"https://www.openhub.net/p/scummvm.xml";"https://www.openhub.net/p/scummvm";"2006-10-10T15:51:31Z";"2015-01-13T18:44:40Z";"http://www.scummvm.org/";"4.75758";"66";"0";"70";"167";"64";"192";"5198";"72964";"1721597";"C++";"False";"474";"1418";"0";"0";"0";"2"
"49";"mana/manaserv";"mana/manaserv";"https://github.com/mana/manaserv";"37";"79";"10";"2011-03-23 22:15:29";"False";"True";"7";"False";"37";"2014-05-05 07:05:42";"12785";"2015-01-09 19:26:03";"79";"467785";"The Mana Project";"https://www.openhub.net/p/mana.xml";"https://www.openhub.net/p/mana";"2009-10-27T10:04:24Z";"2014-12-19T20:06:09Z";"http://manasource.org/";"5.0";"1";"0";"30";"1";"2";"109";"41";"8737";"142164";"C++";"None";"0";"0";"0";"0";"0";"0"
"73";"unknown-horizons/unknown-horizons";"unknown-horizons/unknown-horizons";"https://github.com/unknown-horizons/unknown-horizons";"109";"251";"20";"2010-08-23 08:48:29";"False";"True";"245";"True";"109";"2015-01-19 14:44:25";"486840";"2015-01-19 14:44:25";"251";"323656";"Unknown Horizons";"https://www.openhub.net/p/unknown-horizons.xml";"https://www.openhub.net/p/unknown-horizons";"2009-04-11T21:07:27Z";"2015-01-13T18:38:15Z";"http://www.unknown-horizons.org";"4.63636";"11";"0";"60";"19";"80";"197";"574";"14431";"69290";"Python";"None";"0";"0";"0";"0";"0";"0"
"2";"OpenELEC/OpenELEC.tv";"OpenELEC/OpenELEC.tv";"https://github.com/OpenELEC/OpenELEC.tv";"635";"1214";"10";"2010-11-18 22:06:47";"False";"True";"108";"False";"635";"2015-01-19 18:54:51";"255348";"2015-01-19 19:36:46";"1214";"178437";"OpenELEC - Media Center Operating System";"https://www.openhub.net/p/OpenELEC.xml";"https://www.openhub.net/p/OpenELEC";"2009-01-16T17:53:14Z";"2015-01-18T12:09:20Z";"http://openelec.tv";"5.0";"3";"0";"70";"14";"61";"188";"3076";"54405";"79022";"shell script";"None";"0";"0";"0";"0";"0";"0"
"70";"scummvm/scummvm";"scummvm/scummvm";"https://github.com/scummvm/scummvm";"227";"460";"49";"2011-02-12 15:50:57";"False";"False";"20";"False";"227";"2015-01-20 00:16:28";"226757";"2015-01-20 00:16:29";"460";"113";"ScummVM";"https://www.openhub.net/p/scummvm.xml";"https://www.openhub.net/p/scummvm";"2006-10-10T15:51:31Z";"2015-01-13T18:44:40Z";"http://www.scummvm.org/";"4.75758";"66";"0";"70";"167";"64";"192";"5198";"72964";"1721597";"C++";"None";"0";"0";"0";"0";"0";"0"
"73";"unknown-horizons/unknown-horizons";"unknown-horizons/unknown-horizons";"https://github.com/unknown-horizons/unknown-horizons";"109";"251";"20";"2010-08-23 08:48:29";"False";"True";"245";"True";"109";"2015-01-19 14:44:25";"486840";"2015-01-19 14:44:25";"251";"323656";"Unknown Horizons";"https://www.openhub.net/p/unknown-horizons.xml";"https://www.openhub.net/p/unknown-horizons";"2009-04-11T21:07:27Z";"2015-01-13T18:38:15Z";"http://www.unknown-horizons.org";"4.63636";"11";"0";"60";"19";"80";"197";"574";"14431";"69290";"Python";"True";"5";"6";"0";"0";"2";"0"
"83";"AllBinary/AllBinary-Platform";"AllBinary/AllBinary-Platform";"https://github.com/AllBinary/AllBinary-Platform";"11";"20";"2";"2011-06-25 18:29:09";"False";"True";"0";"True";"11";"2014-11-02 04:58:44";"11792";"2014-12-30 01:11:24";"20";"584902";"AllBinary Platform";"https://www.openhub.net/p/AllBinary-Platform.xml";"https://www.openhub.net/p/AllBinary-Platform";"2011-07-05T08:57:15Z";"2014-12-20T19:26:18Z";"https://github.com/AllBinary/AllBinary-Platform";"3.0";"2";"0";"30";"2";"1";"2";"188";"4164";"242020";"Java";"False";"78";"234";"0";"0";"0";"0"
"2";"OpenELEC/OpenELEC.tv";"OpenELEC/OpenELEC.tv";"https://github.com/OpenELEC/OpenELEC.tv";"635";"1214";"10";"2010-11-18 22:06:47";"False";"True";"108";"False";"635";"2015-01-19 18:54:51";"255348";"2015-01-19 19:36:46";"1214";"178437";"OpenELEC - Media Center Operating System";"https://www.openhub.net/p/OpenELEC.xml";"https://www.openhub.net/p/OpenELEC";"2009-01-16T17:53:14Z";"2015-01-18T12:09:20Z";"http://openelec.tv";"5.0";"3";"0";"70";"14";"61";"188";"3076";"54405";"79022";"shell script";"None";"0";"0";"0";"0";"0";"0"
"49";"mana/manaserv";"mana/manaserv";"https://github.com/mana/manaserv";"37";"79";"10";"2011-03-23 22:15:29";"False";"True";"7";"False";"37";"2014-05-05 07:05:42";"12785";"2015-01-09 19:26:03";"79";"467785";"The Mana Project";"https://www.openhub.net/p/mana.xml";"https://www.openhub.net/p/mana";"2009-10-27T10:04:24Z";"2014-12-19T20:06:09Z";"http://manasource.org/";"5.0";"1";"0";"30";"1";"2";"109";"41";"8737";"142164";"C++";"False";"7";"4";"0";"0";"0";"2"
"70";"scummvm/scummvm";"scummvm/scummvm";"https://github.com/scummvm/scummvm";"227";"460";"49";"2011-02-12 15:50:57";"False";"False";"20";"False";"227";"2015-01-20 00:16:28";"226757";"2015-01-20 00:16:29";"460";"113";"ScummVM";"https://www.openhub.net/p/scummvm.xml";"https://www.openhub.net/p/scummvm";"2006-10-10T15:51:31Z";"2015-01-13T18:44:40Z";"http://www.scummvm.org/";"4.75758";"66";"0";"70";"167";"64";"192";"5198";"72964";"1721597";"C++";"False";"60";"50";"0";"7";"0";"0"
"73";"unknown-horizons/unknown-horizons";"unknown-horizons/unknown-horizons";"https://github.com/unknown-horizons/unknown-horizons";"109";"251";"20";"2010-08-23 08:48:29";"False";"True";"245";"True";"109";"2015-01-19 14:44:25";"486840";"2015-01-19 14:44:25";"251";"323656";"Unknown Horizons";"https://www.openhub.net/p/unknown-horizons.xml";"https://www.openhub.net/p/unknown-horizons";"2009-04-11T21:07:27Z";"2015-01-13T18:38:15Z";"http://www.unknown-horizons.org";"4.63636";"11";"0";"60";"19";"80";"197";"574";"14431";"69290";"Python";"None";"0";"0";"0";"0";"0";"0"
"83";"AllBinary/AllBinary-Platform";"AllBinary/AllBinary-Platform";"https://github.com/AllBinary/AllBinary-Platform";"11";"20";"2";"2011-06-25 18:29:09";"False";"True";"0";"True";"11";"2014-11-02 04:58:44";"11792";"2014-12-30 01:11:24";"20";"584902";"AllBinary Platform";"https://www.openhub.net/p/AllBinary-Platform.xml";"https://www.openhub.net/p/AllBinary-Platform";"2011-07-05T08:57:15Z";"2014-12-20T19:26:18Z";"https://github.com/AllBinary/AllBinary-Platform";"3.0";"2";"0";"30";"2";"1";"2";"188";"4164";"242020";"Java";"None";"0";"0";"0";"0";"0";"0"
"49";"mana/manaserv";"mana/manaserv";"https://github.com/mana/manaserv";"37";"79";"10";"2011-03-23 22:15:29";"False";"True";"7";"False";"37";"2014-05-05 07:05:42";"12785";"2015-01-09 19:26:03";"79";"467785";"The Mana Project";"https://www.openhub.net/p/mana.xml";"https://www.openhub.net/p/mana";"2009-10-27T10:04:24Z";"2014-12-19T20:06:09Z";"http://manasource.org/";"5.0";"1";"0";"30";"1";"2";"109";"41";"8737";"142164";"C++";"False";"15";"13";"0";"24";"0";"3"
"2";"OpenELEC/OpenELEC.tv";"OpenELEC/OpenELEC.tv";"https://github.com/OpenELEC/OpenELEC.tv";"635";"1214";"10";"2010-11-18 22:06:47";"False";"True";"108";"False";"635";"2015-01-19 18:54:51";"255348";"2015-01-19 19:36:46";"1214";"178437";"OpenELEC - Media Center Operating System";"https://www.openhub.net/p/OpenELEC.xml";"https://www.openhub.net/p/OpenELEC";"2009-01-16T17:53:14Z";"2015-01-18T12:09:20Z";"http://openelec.tv";"5.0";"3";"0";"70";"14";"61";"188";"3076";"54405";"79022";"shell script";"False";"1539";"2339";"0";"0";"657";"405"
"70";"scummvm/scummvm";"scummvm/scummvm";"https://github.com/scummvm/scummvm";"227";"460";"49";"2011-02-12 15:50:57";"False";"False";"20";"False";"227";"2015-01-20 00:16:28";"226757";"2015-01-20 00:16:29";"460";"113";"ScummVM";"https://www.openhub.net/p/scummvm.xml";"https://www.openhub.net/p/scummvm";"2006-10-10T15:51:31Z";"2015-01-13T18:44:40Z";"http://www.scummvm.org/";"4.75758";"66";"0";"70";"167";"64";"192";"5198";"72964";"1721597";"C++";"None";"0";"0";"0";"0";"0";"0"
"73";"unknown-horizons/unknown-horizons";"unknown-horizons/unknown-horizons";"https://github.com/unknown-horizons/unknown-horizons";"109";"251";"20";"2010-08-23 08:48:29";"False";"True";"245";"True";"109";"2015-01-19 14:44:25";"486840";"2015-01-19 14:44:25";"251";"323656";"Unknown Horizons";"https://www.openhub.net/p/unknown-horizons.xml";"https://www.openhub.net/p/unknown-horizons";"2009-04-11T21:07:27Z";"2015-01-13T18:38:15Z";"http://www.unknown-horizons.org";"4.63636";"11";"0";"60";"19";"80";"197";"574";"14431";"69290";"Python";"False";"11";"12";"3";"3";"0";"2"
"2";"OpenELEC/OpenELEC.tv";"OpenELEC/OpenELEC.tv";"https://github.com/OpenELEC/OpenELEC.tv";"635";"1214";"10";"2010-11-18 22:06:47";"False";"True";"108";"False";"635";"2015-01-19 18:54:51";"255348";"2015-01-19 19:36:46";"1214";"178437";"OpenELEC - Media Center Operating System";"https://www.openhub.net/p/OpenELEC.xml";"https://www.openhub.net/p/OpenELEC";"2009-01-16T17:53:14Z";"2015-01-18T12:09:20Z";"http://openelec.tv";"5.0";"3";"0";"70";"14";"61";"188";"3076";"54405";"79022";"shell script";"None";"0";"0";"0";"0";"0";"0"
"70";"scummvm/scummvm";"scummvm/scummvm";"https://github.com/scummvm/scummvm";"227";"460";"49";"2011-02-12 15:50:57";"False";"False";"20";"False";"227";"2015-01-20 00:16:28";"226757";"2015-01-20 00:16:29";"460";"113";"ScummVM";"https://www.openhub.net/p/scummvm.xml";"https://www.openhub.net/p/scummvm";"2006-10-10T15:51:31Z";"2015-01-13T18:44:40Z";"http://www.scummvm.org/";"4.75758";"66";"0";"70";"167";"64";"192";"5198";"72964";"1721597";"C++";"False";"24";"48";"0";"10";"4";"4"
"73";"unknown-horizons/unknown-horizons";"unknown-horizons/unknown-horizons";"https://github.com/unknown-horizons/unknown-horizons";"109";"251";"20";"2010-08-23 08:48:29";"False";"True";"245";"True";"109";"2015-01-19 14:44:25";"486840";"2015-01-19 14:44:25";"251";"323656";"Unknown Horizons";"https://www.openhub.net/p/unknown-horizons.xml";"https://www.openhub.net/p/unknown-horizons";"2009-04-11T21:07:27Z";"2015-01-13T18:38:15Z";"http://www.unknown-horizons.org";"4.63636";"11";"0";"60";"19";"80";"197";"574";"14431";"69290";"Python";"True";"8";"8";"0";"1";"0";"1"
"2";"OpenELEC/OpenELEC.tv";"OpenELEC/OpenELEC.tv";"https://github.com/OpenELEC/OpenELEC.tv";"635";"1214";"10";"2010-11-18 22:06:47";"False";"True";"108";"False";"635";"2015-01-19 18:54:51";"255348";"2015-01-19 19:36:46";"1214";"178437";"OpenELEC - Media Center Operating System";"https://www.openhub.net/p/OpenELEC.xml";"https://www.openhub.net/p/OpenELEC";"2009-01-16T17:53:14Z";"2015-01-18T12:09:20Z";"http://openelec.tv";"5.0";"3";"0";"70";"14";"61";"188";"3076";"54405";"79022";"shell script";"False";"1170";"2145";"0";"170";"31";"95"
"70";"scummvm/scummvm";"scummvm/scummvm";"https://github.com/scummvm/scummvm";"227";"460";"49";"2011-02-12 15:50:57";"False";"False";"20";"False";"227";"2015-01-20 00:16:28";"226757";"2015-01-20 00:16:29";"460";"113";"ScummVM";"https://www.openhub.net/p/scummvm.xml";"https://www.openhub.net/p/scummvm";"2006-10-10T15:51:31Z";"2015-01-13T18:44:40Z";"http://www.scummvm.org/";"4.75758";"66";"0";"70";"167";"64";"192";"5198";"72964";"1721597";"C++";"False";"308";"663";"0";"3";"0";"6"
"73";"unknown-horizons/unknown-horizons";"unknown-horizons/unknown-horizons";"https://github.com/unknown-horizons/unknown-horizons";"109";"251";"20";"2010-08-23 08:48:29";"False";"True";"245";"True";"109";"2015-01-19 14:44:25";"486840";"2015-01-19 14:44:25";"251";"323656";"Unknown Horizons";"https://www.openhub.net/p/unknown-horizons.xml";"https://www.openhub.net/p/unknown-horizons";"2009-04-11T21:07:27Z";"2015-01-13T18:38:15Z";"http://www.unknown-horizons.org";"4.63636";"11";"0";"60";"19";"80";"197";"574";"14431";"69290";"Python";"None";"0";"0";"0";"0";"0";"0"
"2";"OpenELEC/OpenELEC.tv";"OpenELEC/OpenELEC.tv";"https://github.com/OpenELEC/OpenELEC.tv";"635";"1214";"10";"2010-11-18 22:06:47";"False";"True";"108";"False";"635";"2015-01-19 18:54:51";"255348";"2015-01-19 19:36:46";"1214";"178437";"OpenELEC - Media Center Operating System";"https://www.openhub.net/p/OpenELEC.xml";"https://www.openhub.net/p/OpenELEC";"2009-01-16T17:53:14Z";"2015-01-18T12:09:20Z";"http://openelec.tv";"5.0";"3";"0";"70";"14";"61";"188";"3076";"54405";"79022";"shell script";"None";"0";"0";"0";"0";"0";"0"
"70";"scummvm/scummvm";"scummvm/scummvm";"https://github.com/scummvm/scummvm";"227";"460";"49";"2011-02-12 15:50:57";"False";"False";"20";"False";"227";"2015-01-20 00:16:28";"226757";"2015-01-20 00:16:29";"460";"113";"ScummVM";"https://www.openhub.net/p/scummvm.xml";"https://www.openhub.net/p/scummvm";"2006-10-10T15:51:31Z";"2015-01-13T18:44:40Z";"http://www.scummvm.org/";"4.75758";"66";"0";"70";"167";"64";"192";"5198";"72964";"1721597";"C++";"False";"230";"522";"0";"0";"0";"13"
"73";"unknown-horizons/unknown-horizons";"unknown-horizons/unknown-horizons";"https://github.com/unknown-horizons/unknown-horizons";"109";"251";"20";"2010-08-23 08:48:29";"False";"True";"245";"True";"109";"2015-01-19 14:44:25";"486840";"2015-01-19 14:44:25";"251";"323656";"Unknown Horizons";"https://www.openhub.net/p/unknown-horizons.xml";"https://www.openhub.net/p/unknown-horizons";"2009-04-11T21:07:27Z";"2015-01-13T18:38:15Z";"http://www.unknown-horizons.org";"4.63636";"11";"0";"60";"19";"80";"197";"574";"14431";"69290";"Python";"False";"11";"4";"0";"3";"4";"3"
"50";"tritao/flood";"tritao/flood";"https://github.com/tritao/flood";"0";"0";"2";"2012-12-30 11:46:38";"True";"False";"0";"True";"5";"2013-03-22 13:16:18";"60952";"2013-04-15 15:10:17";"0";"481436";"Flood 3D";"https://www.openhub.net/p/flood3d.xml";"https://www.openhub.net/p/flood3d";"2010-02-26T17:02:58Z";"2014-12-13T17:03:35Z";"http://www.vapor3d.org";"5.0";"1";"0";"30";"1";"3";"16";"36";"3230";"732484";"C++";"False";"456";"791";"0";"0";"0";"107"
"2";"OpenELEC/OpenELEC.tv";"OpenELEC/OpenELEC.tv";"https://github.com/OpenELEC/OpenELEC.tv";"635";"1214";"10";"2010-11-18 22:06:47";"False";"True";"108";"False";"635";"2015-01-19 18:54:51";"255348";"2015-01-19 19:36:46";"1214";"178437";"OpenELEC - Media Center Operating System";"https://www.openhub.net/p/OpenELEC.xml";"https://www.openhub.net/p/OpenELEC";"2009-01-16T17:53:14Z";"2015-01-18T12:09:20Z";"http://openelec.tv";"5.0";"3";"0";"70";"14";"61";"188";"3076";"54405";"79022";"shell script";"False";"1575";"339";"0";"93";"0";"120"
"132";"abma/pr-downloader";"abma/pr-downloader";"https://github.com/abma/pr-downloader";"0";"0";"1";"2012-11-25 23:14:12";"True";"False";"0";"False";"11";"2014-11-15 03:00:45";"2386";"2014-06-29 22:56:38";"0";"486159";"plasma + rapid downloader";"https://www.openhub.net/p/pr-downloader.xml";"https://www.openhub.net/p/pr-downloader";"2010-10-25T09:54:07Z";"2014-12-16T03:54:15Z";"http://github.com/abma/pr-downloader";"None";"0";"0";"40";"1";"3";"10";"56";"739";"35758";"C++";"False";"1815";"3843";"0";"0";"669";"0"
"70";"scummvm/scummvm";"scummvm/scummvm";"https://github.com/scummvm/scummvm";"227";"460";"49";"2011-02-12 15:50:57";"False";"False";"20";"False";"227";"2015-01-20 00:16:28";"226757";"2015-01-20 00:16:29";"460";"113";"ScummVM";"https://www.openhub.net/p/scummvm.xml";"https://www.openhub.net/p/scummvm";"2006-10-10T15:51:31Z";"2015-01-13T18:44:40Z";"http://www.scummvm.org/";"4.75758";"66";"0";"70";"167";"64";"192";"5198";"72964";"1721597";"C++";"True";"6";"4";"0";"2";"0";"0"
"73";"unknown-horizons/unknown-horizons";"unknown-horizons/unknown-horizons";"https://github.com/unknown-horizons/unknown-horizons";"109";"251";"20";"2010-08-23 08:48:29";"False";"True";"245";"True";"109";"2015-01-19 14:44:25";"486840";"2015-01-19 14:44:25";"251";"323656";"Unknown Horizons";"https://www.openhub.net/p/unknown-horizons.xml";"https://www.openhub.net/p/unknown-horizons";"2009-04-11T21:07:27Z";"2015-01-13T18:38:15Z";"http://www.unknown-horizons.org";"4.63636";"11";"0";"60";"19";"80";"197";"574";"14431";"69290";"Python";"False";"69";"87";"0";"9";"0";"7"
"50";"tritao/flood";"tritao/flood";"https://github.com/tritao/flood";"0";"0";"2";"2012-12-30 11:46:38";"True";"False";"0";"True";"5";"2013-03-22 13:16:18";"60952";"2013-04-15 15:10:17";"0";"481436";"Flood 3D";"https://www.openhub.net/p/flood3d.xml";"https://www.openhub.net/p/flood3d";"2010-02-26T17:02:58Z";"2014-12-13T17:03:35Z";"http://www.vapor3d.org";"5.0";"1";"0";"30";"1";"3";"16";"36";"3230";"732484";"C++";"None";"0";"0";"0";"0";"0";"0"
"2";"OpenELEC/OpenELEC.tv";"OpenELEC/OpenELEC.tv";"https://github.com/OpenELEC/OpenELEC.tv";"635";"1214";"10";"2010-11-18 22:06:47";"False";"True";"108";"False";"635";"2015-01-19 18:54:51";"255348";"2015-01-19 19:36:46";"1214";"178437";"OpenELEC - Media Center Operating System";"https://www.openhub.net/p/OpenELEC.xml";"https://www.openhub.net/p/OpenELEC";"2009-01-16T17:53:14Z";"2015-01-18T12:09:20Z";"http://openelec.tv";"5.0";"3";"0";"70";"14";"61";"188";"3076";"54405";"79022";"shell script";"False";"19";"17";"4";"0";"6";"6"
"70";"scummvm/scummvm";"scummvm/scummvm";"https://github.com/scummvm/scummvm";"227";"460";"49";"2011-02-12 15:50:57";"False";"False";"20";"False";"227";"2015-01-20 00:16:28";"226757";"2015-01-20 00:16:29";"460";"113";"ScummVM";"https://www.openhub.net/p/scummvm.xml";"https://www.openhub.net/p/scummvm";"2006-10-10T15:51:31Z";"2015-01-13T18:44:40Z";"http://www.scummvm.org/";"4.75758";"66";"0";"70";"167";"64";"192";"5198";"72964";"1721597";"C++";"False";"8";"4";"0";"0";"3";"2"
"73";"unknown-horizons/unknown-horizons";"unknown-horizons/unknown-horizons";"https://github.com/unknown-horizons/unknown-horizons";"109";"251";"20";"2010-08-23 08:48:29";"False";"True";"245";"True";"109";"2015-01-19 14:44:25";"486840";"2015-01-19 14:44:25";"251";"323656";"Unknown Horizons";"https://www.openhub.net/p/unknown-horizons.xml";"https://www.openhub.net/p/unknown-horizons";"2009-04-11T21:07:27Z";"2015-01-13T18:38:15Z";"http://www.unknown-horizons.org";"4.63636";"11";"0";"60";"19";"80";"197";"574";"14431";"69290";"Python";"True";"4";"6";"0";"0";"1";"0"
"142";"VanessaE/unifieddyes";"VanessaE/unifieddyes";"https://github.com/VanessaE/unifieddyes";"1";"3";"1";"2012-07-12 21:48:49";"False";"True";"0";"True";"1";"2014-12-27 06:02:31";"735";"2014-12-27 06:02:31";"3";"679133";"unifieddyes";"https://www.openhub.net/p/unifieddyes.xml";"https://www.openhub.net/p/unifieddyes";"2013-08-30T01:17:01Z";"2015-01-04T10:08:42Z";"https://github.com/VanessaE/unifieddyes";"None";"0";"0";"30";"1";"2";"2";"5";"72";"592";"shell script";"False";"2106";"4881";"0";"19";"100";"126"
"2";"OpenELEC/OpenELEC.tv";"OpenELEC/OpenELEC.tv";"https://github.com/OpenELEC/OpenELEC.tv";"635";"1214";"10";"2010-11-18 22:06:47";"False";"True";"108";"False";"635";"2015-01-19 18:54:51";"255348";"2015-01-19 19:36:46";"1214";"178437";"OpenELEC - Media Center Operating System";"https://www.openhub.net/p/OpenELEC.xml";"https://www.openhub.net/p/OpenELEC";"2009-01-16T17:53:14Z";"2015-01-18T12:09:20Z";"http://openelec.tv";"5.0";"3";"0";"70";"14";"61";"188";"3076";"54405";"79022";"shell script";"False";"76";"10";"0";"8";"26";"10"
"70";"scummvm/scummvm";"scummvm/scummvm";"https://github.com/scummvm/scummvm";"227";"460";"49";"2011-02-12 15:50:57";"False";"False";"20";"False";"227";"2015-01-20 00:16:28";"226757";"2015-01-20 00:16:29";"460";"113";"ScummVM";"https://www.openhub.net/p/scummvm.xml";"https://www.openhub.net/p/scummvm";"2006-10-10T15:51:31Z";"2015-01-13T18:44:40Z";"http://www.scummvm.org/";"4.75758";"66";"0";"70";"167";"64";"192";"5198";"72964";"1721597";"C++";"False";"18";"18";"0";"0";"0";"7"
"73";"unknown-horizons/unknown-horizons";"unknown-horizons/unknown-horizons";"https://github.com/unknown-horizons/unknown-horizons";"109";"251";"20";"2010-08-23 08:48:29";"False";"True";"245";"True";"109";"2015-01-19 14:44:25";"486840";"2015-01-19 14:44:25";"251";"323656";"Unknown Horizons";"https://www.openhub.net/p/unknown-horizons.xml";"https://www.openhub.net/p/unknown-horizons";"2009-04-11T21:07:27Z";"2015-01-13T18:38:15Z";"http://www.unknown-horizons.org";"4.63636";"11";"0";"60";"19";"80";"197";"574";"14431";"69290";"Python";"True";"94";"242";"0";"1";"0";"0"
"2";"OpenELEC/OpenELEC.tv";"OpenELEC/OpenELEC.tv";"https://github.com/OpenELEC/OpenELEC.tv";"635";"1214";"10";"2010-11-18 22:06:47";"False";"True";"108";"False";"635";"2015-01-19 18:54:51";"255348";"2015-01-19 19:36:46";"1214";"178437";"OpenELEC - Media Center Operating System";"https://www.openhub.net/p/OpenELEC.xml";"https://www.openhub.net/p/OpenELEC";"2009-01-16T17:53:14Z";"2015-01-18T12:09:20Z";"http://openelec.tv";"5.0";"3";"0";"70";"14";"61";"188";"3076";"54405";"79022";"shell script";"False";"4";"8";"0";"0";"0";"0"
"70";"scummvm/scummvm";"scummvm/scummvm";"https://github.com/scummvm/scummvm";"227";"460";"49";"2011-02-12 15:50:57";"False";"False";"20";"False";"227";"2015-01-20 00:16:28";"226757";"2015-01-20 00:16:29";"460";"113";"ScummVM";"https://www.openhub.net/p/scummvm.xml";"https://www.openhub.net/p/scummvm";"2006-10-10T15:51:31Z";"2015-01-13T18:44:40Z";"http://www.scummvm.org/";"4.75758";"66";"0";"70";"167";"64";"192";"5198";"72964";"1721597";"C++";"None";"0";"0";"0";"0";"0";"0"
"73";"unknown-horizons/unknown-horizons";"unknown-horizons/unknown-horizons";"https://github.com/unknown-horizons/unknown-horizons";"109";"251";"20";"2010-08-23 08:48:29";"False";"True";"245";"True";"109";"2015-01-19 14:44:25";"486840";"2015-01-19 14:44:25";"251";"323656";"Unknown Horizons";"https://www.openhub.net/p/unknown-horizons.xml";"https://www.openhub.net/p/unknown-horizons";"2009-04-11T21:07:27Z";"2015-01-13T18:38:15Z";"http://www.unknown-horizons.org";"4.63636";"11";"0";"60";"19";"80";"197";"574";"14431";"69290";"Python";"None";"0";"0";"0";"0";"0";"0"
"135";"gemserk/animation4j";"gemserk/animation4j";"https://github.com/gemserk/animation4j";"8";"14";"2";"2011-03-02 20:05:15";"False";"True";"3";"True";"8";"2013-01-03 00:48:44";"2323";"2014-07-08 07:48:40";"14";"488816";"animation4j";"https://www.openhub.net/p/animation4j.xml";"https://www.openhub.net/p/animation4j";"2011-03-22T20:51:52Z";"2014-12-22T03:28:08Z";"https://github.com/gemserk/animation4j";"None";"0";"0";"20";"1";"0";"3";"0";"599";"4021";"Java";"True";"4";"10";"0";"2";"0";"0"
"2";"OpenELEC/OpenELEC.tv";"OpenELEC/OpenELEC.tv";"https://github.com/OpenELEC/OpenELEC.tv";"635";"1214";"10";"2010-11-18 22:06:47";"False";"True";"108";"False";"635";"2015-01-19 18:54:51";"255348";"2015-01-19 19:36:46";"1214";"178437";"OpenELEC - Media Center Operating System";"https://www.openhub.net/p/OpenELEC.xml";"https://www.openhub.net/p/OpenELEC";"2009-01-16T17:53:14Z";"2015-01-18T12:09:20Z";"http://openelec.tv";"5.0";"3";"0";"70";"14";"61";"188";"3076";"54405";"79022";"shell script";"None";"0";"0";"0";"0";"0";"0"
"70";"scummvm/scummvm";"scummvm/scummvm";"https://github.com/scummvm/scummvm";"227";"460";"49";"2011-02-12 15:50:57";"False";"False";"20";"False";"227";"2015-01-20 00:16:28";"226757";"2015-01-20 00:16:29";"460";"113";"ScummVM";"https://www.openhub.net/p/scummvm.xml";"https://www.openhub.net/p/scummvm";"2006-10-10T15:51:31Z";"2015-01-13T18:44:40Z";"http://www.scummvm.org/";"4.75758";"66";"0";"70";"167";"64";"192";"5198";"72964";"1721597";"C++";"False";"220";"22";"0";"0";"29";"0"
"73";"unknown-horizons/unknown-horizons";"unknown-horizons/unknown-horizons";"https://github.com/unknown-horizons/unknown-horizons";"109";"251";"20";"2010-08-23 08:48:29";"False";"True";"245";"True";"109";"2015-01-19 14:44:25";"486840";"2015-01-19 14:44:25";"251";"323656";"Unknown Horizons";"https://www.openhub.net/p/unknown-horizons.xml";"https://www.openhub.net/p/unknown-horizons";"2009-04-11T21:07:27Z";"2015-01-13T18:38:15Z";"http://www.unknown-horizons.org";"4.63636";"11";"0";"60";"19";"80";"197";"574";"14431";"69290";"Python";"None";"0";"0";"0";"0";"0";"0"
"135";"gemserk/animation4j";"gemserk/animation4j";"https://github.com/gemserk/animation4j";"8";"14";"2";"2011-03-02 20:05:15";"False";"True";"3";"True";"8";"2013-01-03 00:48:44";"2323";"2014-07-08 07:48:40";"14";"488816";"animation4j";"https://www.openhub.net/p/animation4j.xml";"https://www.openhub.net/p/animation4j";"2011-03-22T20:51:52Z";"2014-12-22T03:28:08Z";"https://github.com/gemserk/animation4j";"None";"0";"0";"20";"1";"0";"3";"0";"599";"4021";"Java";"False";"2";"0";"2";"0";"0";"0"
"2";"OpenELEC/OpenELEC.tv";"OpenELEC/OpenELEC.tv";"https://github.com/OpenELEC/OpenELEC.tv";"635";"1214";"10";"2010-11-18 22:06:47";"False";"True";"108";"False";"635";"2015-01-19 18:54:51";"255348";"2015-01-19 19:36:46";"1214";"178437";"OpenELEC - Media Center Operating System";"https://www.openhub.net/p/OpenELEC.xml";"https://www.openhub.net/p/OpenELEC";"2009-01-16T17:53:14Z";"2015-01-18T12:09:20Z";"http://openelec.tv";"5.0";"3";"0";"70";"14";"61";"188";"3076";"54405";"79022";"shell script";"None";"0";"0";"0";"0";"0";"0"
"70";"scummvm/scummvm";"scummvm/scummvm";"https://github.com/scummvm/scummvm";"227";"460";"49";"2011-02-12 15:50:57";"False";"False";"20";"False";"227";"2015-01-20 00:16:28";"226757";"2015-01-20 00:16:29";"460";"113";"ScummVM";"https://www.openhub.net/p/scummvm.xml";"https://www.openhub.net/p/scummvm";"2006-10-10T15:51:31Z";"2015-01-13T18:44:40Z";"http://www.scummvm.org/";"4.75758";"66";"0";"70";"167";"64";"192";"5198";"72964";"1721597";"C++";"False";"174";"429";"0";"0";"0";"37"
"73";"unknown-horizons/unknown-horizons";"unknown-horizons/unknown-horizons";"https://github.com/unknown-horizons/unknown-horizons";"109";"251";"20";"2010-08-23 08:48:29";"False";"True";"245";"True";"109";"2015-01-19 14:44:25";"486840";"2015-01-19 14:44:25";"251";"323656";"Unknown Horizons";"https://www.openhub.net/p/unknown-horizons.xml";"https://www.openhub.net/p/unknown-horizons";"2009-04-11T21:07:27Z";"2015-01-13T18:38:15Z";"http://www.unknown-horizons.org";"4.63636";"11";"0";"60";"19";"80";"197";"574";"14431";"69290";"Python";"False";"2";"0";"0";"0";"2";"0"
"70";"scummvm/scummvm";"scummvm/scummvm";"https://github.com/scummvm/scummvm";"227";"460";"49";"2011-02-12 15:50:57";"False";"False";"20";"False";"227";"2015-01-20 00:16:28";"226757";"2015-01-20 00:16:29";"460";"113";"ScummVM";"https://www.openhub.net/p/scummvm.xml";"https://www.openhub.net/p/scummvm";"2006-10-10T15:51:31Z";"2015-01-13T18:44:40Z";"http://www.scummvm.org/";"4.75758";"66";"0";"70";"167";"64";"192";"5198";"72964";"1721597";"C++";"False";"48";"105";"0";"17";"0";"13"
"2";"OpenELEC/OpenELEC.tv";"OpenELEC/OpenELEC.tv";"https://github.com/OpenELEC/OpenELEC.tv";"635";"1214";"10";"2010-11-18 22:06:47";"False";"True";"108";"False";"635";"2015-01-19 18:54:51";"255348";"2015-01-19 19:36:46";"1214";"178437";"OpenELEC - Media Center Operating System";"https://www.openhub.net/p/OpenELEC.xml";"https://www.openhub.net/p/OpenELEC";"2009-01-16T17:53:14Z";"2015-01-18T12:09:20Z";"http://openelec.tv";"5.0";"3";"0";"70";"14";"61";"188";"3076";"54405";"79022";"shell script";"False";"1539";"2339";"0";"0";"657";"405"
"73";"unknown-horizons/unknown-horizons";"unknown-horizons/unknown-horizons";"https://github.com/unknown-horizons/unknown-horizons";"109";"251";"20";"2010-08-23 08:48:29";"False";"True";"245";"True";"109";"2015-01-19 14:44:25";"486840";"2015-01-19 14:44:25";"251";"323656";"Unknown Horizons";"https://www.openhub.net/p/unknown-horizons.xml";"https://www.openhub.net/p/unknown-horizons";"2009-04-11T21:07:27Z";"2015-01-13T18:38:15Z";"http://www.unknown-horizons.org";"4.63636";"11";"0";"60";"19";"80";"197";"574";"14431";"69290";"Python";"None";"0";"0";"0";"0";"0";"0"
"2";"OpenELEC/OpenELEC.tv";"OpenELEC/OpenELEC.tv";"https://github.com/OpenELEC/OpenELEC.tv";"635";"1214";"10";"2010-11-18 22:06:47";"False";"True";"108";"False";"635";"2015-01-19 18:54:51";"255348";"2015-01-19 19:36:46";"1214";"178437";"OpenELEC - Media Center Operating System";"https://www.openhub.net/p/OpenELEC.xml";"https://www.openhub.net/p/OpenELEC";"2009-01-16T17:53:14Z";"2015-01-18T12:09:20Z";"http://openelec.tv";"5.0";"3";"0";"70";"14";"61";"188";"3076";"54405";"79022";"shell script";"None";"0";"0";"0";"0";"0";"0"
"70";"scummvm/scummvm";"scummvm/scummvm";"https://github.com/scummvm/scummvm";"227";"460";"49";"2011-02-12 15:50:57";"False";"False";"20";"False";"227";"2015-01-20 00:16:28";"226757";"2015-01-20 00:16:29";"460";"113";"ScummVM";"https://www.openhub.net/p/scummvm.xml";"https://www.openhub.net/p/scummvm";"2006-10-10T15:51:31Z";"2015-01-13T18:44:40Z";"http://www.scummvm.org/";"4.75758";"66";"0";"70";"167";"64";"192";"5198";"72964";"1721597";"C++";"False";"1";"1";"0";"0";"0";"0"
"73";"unknown-horizons/unknown-horizons";"unknown-horizons/unknown-horizons";"https://github.com/unknown-horizons/unknown-horizons";"109";"251";"20";"2010-08-23 08:48:29";"False";"True";"245";"True";"109";"2015-01-19 14:44:25";"486840";"2015-01-19 14:44:25";"251";"323656";"Unknown Horizons";"https://www.openhub.net/p/unknown-horizons.xml";"https://www.openhub.net/p/unknown-horizons";"2009-04-11T21:07:27Z";"2015-01-13T18:38:15Z";"http://www.unknown-horizons.org";"4.63636";"11";"0";"60";"19";"80";"197";"574";"14431";"69290";"Python";"True";"3";"3";"1";"0";"0";"0"
"2";"OpenELEC/OpenELEC.tv";"OpenELEC/OpenELEC.tv";"https://github.com/OpenELEC/OpenELEC.tv";"635";"1214";"10";"2010-11-18 22:06:47";"False";"True";"108";"False";"635";"2015-01-19 18:54:51";"255348";"2015-01-19 19:36:46";"1214";"178437";"OpenELEC - Media Center Operating System";"https://www.openhub.net/p/OpenELEC.xml";"https://www.openhub.net/p/OpenELEC";"2009-01-16T17:53:14Z";"2015-01-18T12:09:20Z";"http://openelec.tv";"5.0";"3";"0";"70";"14";"61";"188";"3076";"54405";"79022";"shell script";"False";"1170";"2145";"0";"170";"31";"95"
"70";"scummvm/scummvm";"scummvm/scummvm";"https://github.com/scummvm/scummvm";"227";"460";"49";"2011-02-12 15:50:57";"False";"False";"20";"False";"227";"2015-01-20 00:16:28";"226757";"2015-01-20 00:16:29";"460";"113";"ScummVM";"https://www.openhub.net/p/scummvm.xml";"https://www.openhub.net/p/scummvm";"2006-10-10T15:51:31Z";"2015-01-13T18:44:40Z";"http://www.scummvm.org/";"4.75758";"66";"0";"70";"167";"64";"192";"5198";"72964";"1721597";"C++";"None";"0";"0";"0";"0";"0";"0"
"138";"phpManufaktur/multipleEducated";"phpManufaktur/multipleEducated";"https://github.com/phpManufaktur/multipleEducated";"0";"2";"2";"2012-06-13 15:12:19";"False";"True";"0";"True";"0";"2013-11-24 11:19:51";"476";"2013-11-24 11:19:54";"2";"602777";"multipleEducated";"https://www.openhub.net/p/multipleEducated.xml";"https://www.openhub.net/p/multipleEducated";"2012-06-20T02:21:30Z";"2015-01-15T21:06:11Z";"https://phpmanufaktur.de";"None";"0";"0";"30";"1";"0";"1";"0";"27";"3320";"PHP";"False";"1056";"2053";"0";"790";"1";"0"
"2";"OpenELEC/OpenELEC.tv";"OpenELEC/OpenELEC.tv";"https://github.com/OpenELEC/OpenELEC.tv";"635";"1214";"10";"2010-11-18 22:06:47";"False";"True";"108";"False";"635";"2015-01-19 18:54:51";"255348";"2015-01-19 19:36:46";"1214";"178437";"OpenELEC - Media Center Operating System";"https://www.openhub.net/p/OpenELEC.xml";"https://www.openhub.net/p/OpenELEC";"2009-01-16T17:53:14Z";"2015-01-18T12:09:20Z";"http://openelec.tv";"5.0";"3";"0";"70";"14";"61";"188";"3076";"54405";"79022";"shell script";"None";"0";"0";"0";"0";"0";"0"
"70";"scummvm/scummvm";"scummvm/scummvm";"https://github.com/scummvm/scummvm";"227";"460";"49";"2011-02-12 15:50:57";"False";"False";"20";"False";"227";"2015-01-20 00:16:28";"226757";"2015-01-20 00:16:29";"460";"113";"ScummVM";"https://www.openhub.net/p/scummvm.xml";"https://www.openhub.net/p/scummvm";"2006-10-10T15:51:31Z";"2015-01-13T18:44:40Z";"http://www.scummvm.org/";"4.75758";"66";"0";"70";"167";"64";"192";"5198";"72964";"1721597";"C++";"True";"4";"5";"0";"2";"0";"0"
"138";"phpManufaktur/multipleEducated";"phpManufaktur/multipleEducated";"https://github.com/phpManufaktur/multipleEducated";"0";"2";"2";"2012-06-13 15:12:19";"False";"True";"0";"True";"0";"2013-11-24 11:19:51";"476";"2013-11-24 11:19:54";"2";"602777";"multipleEducated";"https://www.openhub.net/p/multipleEducated.xml";"https://www.openhub.net/p/multipleEducated";"2012-06-20T02:21:30Z";"2015-01-15T21:06:11Z";"https://phpmanufaktur.de";"None";"0";"0";"30";"1";"0";"1";"0";"27";"3320";"PHP";"False";"6";"1";"6";"0";"0";"1"
"2";"OpenELEC/OpenELEC.tv";"OpenELEC/OpenELEC.tv";"https://github.com/OpenELEC/OpenELEC.tv";"635";"1214";"10";"2010-11-18 22:06:47";"False";"True";"108";"False";"635";"2015-01-19 18:54:51";"255348";"2015-01-19 19:36:46";"1214";"178437";"OpenELEC - Media Center Operating System";"https://www.openhub.net/p/OpenELEC.xml";"https://www.openhub.net/p/OpenELEC";"2009-01-16T17:53:14Z";"2015-01-18T12:09:20Z";"http://openelec.tv";"5.0";"3";"0";"70";"14";"61";"188";"3076";"54405";"79022";"shell script";"False";"1575";"339";"0";"93";"0";"120"
"70";"scummvm/scummvm";"scummvm/scummvm";"https://github.com/scummvm/scummvm";"227";"460";"49";"2011-02-12 15:50:57";"False";"False";"20";"False";"227";"2015-01-20 00:16:28";"226757";"2015-01-20 00:16:29";"460";"113";"ScummVM";"https://www.openhub.net/p/scummvm.xml";"https://www.openhub.net/p/scummvm";"2006-10-10T15:51:31Z";"2015-01-13T18:44:40Z";"http://www.scummvm.org/";"4.75758";"66";"0";"70";"167";"64";"192";"5198";"72964";"1721597";"C++";"None";"0";"0";"0";"0";"0";"0"
"75";"pokerth/pokerth";"pokerth/pokerth";"https://github.com/pokerth/pokerth";"42";"72";"3";"2012-05-10 18:53:03";"False";"True";"84";"True";"42";"2015-01-18 22:27:40";"56904";"2015-01-18 22:27:41";"72";"9471";"PokerTH";"https://www.openhub.net/p/pokerth.xml";"https://www.openhub.net/p/pokerth";"2007-11-03T13:52:17Z";"2015-01-07T02:58:06Z";"http://www.pokerth.net/";"4.2";"5";"0";"40";"6";"5";"15";"58";"3727";"551015";"C++";"True";"3";"3";"0";"0";"3";"0"
"2";"OpenELEC/OpenELEC.tv";"OpenELEC/OpenELEC.tv";"https://github.com/OpenELEC/OpenELEC.tv";"635";"1214";"10";"2010-11-18 22:06:47";"False";"True";"108";"False";"635";"2015-01-19 18:54:51";"255348";"2015-01-19 19:36:46";"1214";"178437";"OpenELEC - Media Center Operating System";"https://www.openhub.net/p/OpenELEC.xml";"https://www.openhub.net/p/OpenELEC";"2009-01-16T17:53:14Z";"2015-01-18T12:09:20Z";"http://openelec.tv";"5.0";"3";"0";"70";"14";"61";"188";"3076";"54405";"79022";"shell script";"False";"19";"17";"4";"0";"6";"6"
"70";"scummvm/scummvm";"scummvm/scummvm";"https://github.com/scummvm/scummvm";"227";"460";"49";"2011-02-12 15:50:57";"False";"False";"20";"False";"227";"2015-01-20 00:16:28";"226757";"2015-01-20 00:16:29";"460";"113";"ScummVM";"https://www.openhub.net/p/scummvm.xml";"https://www.openhub.net/p/scummvm";"2006-10-10T15:51:31Z";"2015-01-13T18:44:40Z";"http://www.scummvm.org/";"4.75758";"66";"0";"70";"167";"64";"192";"5198";"72964";"1721597";"C++";"False";"24";"24";"0";"6";"5";"4"
"75";"pokerth/pokerth";"pokerth/pokerth";"https://github.com/pokerth/pokerth";"42";"72";"3";"2012-05-10 18:53:03";"False";"True";"84";"True";"42";"2015-01-18 22:27:40";"56904";"2015-01-18 22:27:41";"72";"9471";"PokerTH";"https://www.openhub.net/p/pokerth.xml";"https://www.openhub.net/p/pokerth";"2007-11-03T13:52:17Z";"2015-01-07T02:58:06Z";"http://www.pokerth.net/";"4.2";"5";"0";"40";"6";"5";"15";"58";"3727";"551015";"C++";"None";"0";"0";"0";"0";"0";"0"
"2";"OpenELEC/OpenELEC.tv";"OpenELEC/OpenELEC.tv";"https://github.com/OpenELEC/OpenELEC.tv";"635";"1214";"10";"2010-11-18 22:06:47";"False";"True";"108";"False";"635";"2015-01-19 18:54:51";"255348";"2015-01-19 19:36:46";"1214";"178437";"OpenELEC - Media Center Operating System";"https://www.openhub.net/p/OpenELEC.xml";"https://www.openhub.net/p/OpenELEC";"2009-01-16T17:53:14Z";"2015-01-18T12:09:20Z";"http://openelec.tv";"5.0";"3";"0";"70";"14";"61";"188";"3076";"54405";"79022";"shell script";"False";"76";"10";"0";"8";"26";"10"
"70";"scummvm/scummvm";"scummvm/scummvm";"https://github.com/scummvm/scummvm";"227";"460";"49";"2011-02-12 15:50:57";"False";"False";"20";"False";"227";"2015-01-20 00:16:28";"226757";"2015-01-20 00:16:29";"460";"113";"ScummVM";"https://www.openhub.net/p/scummvm.xml";"https://www.openhub.net/p/scummvm";"2006-10-10T15:51:31Z";"2015-01-13T18:44:40Z";"http://www.scummvm.org/";"4.75758";"66";"0";"70";"167";"64";"192";"5198";"72964";"1721597";"C++";"False";"18";"48";"0";"21";"0";"4"
"75";"pokerth/pokerth";"pokerth/pokerth";"https://github.com/pokerth/pokerth";"42";"72";"3";"2012-05-10 18:53:03";"False";"True";"84";"True";"42";"2015-01-18 22:27:40";"56904";"2015-01-18 22:27:41";"72";"9471";"PokerTH";"https://www.openhub.net/p/pokerth.xml";"https://www.openhub.net/p/pokerth";"2007-11-03T13:52:17Z";"2015-01-07T02:58:06Z";"http://www.pokerth.net/";"4.2";"5";"0";"40";"6";"5";"15";"58";"3727";"551015";"C++";"None";"0";"0";"0";"0";"0";"0"
"2";"OpenELEC/OpenELEC.tv";"OpenELEC/OpenELEC.tv";"https://github.com/OpenELEC/OpenELEC.tv";"635";"1214";"10";"2010-11-18 22:06:47";"False";"True";"108";"False";"635";"2015-01-19 18:54:51";"255348";"2015-01-19 19:36:46";"1214";"178437";"OpenELEC - Media Center Operating System";"https://www.openhub.net/p/OpenELEC.xml";"https://www.openhub.net/p/OpenELEC";"2009-01-16T17:53:14Z";"2015-01-18T12:09:20Z";"http://openelec.tv";"5.0";"3";"0";"70";"14";"61";"188";"3076";"54405";"79022";"shell script";"False";"4";"8";"0";"0";"0";"0"
"70";"scummvm/scummvm";"scummvm/scummvm";"https://github.com/scummvm/scummvm";"227";"460";"49";"2011-02-12 15:50:57";"False";"False";"20";"False";"227";"2015-01-20 00:16:28";"226757";"2015-01-20 00:16:29";"460";"113";"ScummVM";"https://www.openhub.net/p/scummvm.xml";"https://www.openhub.net/p/scummvm";"2006-10-10T15:51:31Z";"2015-01-13T18:44:40Z";"http://www.scummvm.org/";"4.75758";"66";"0";"70";"167";"64";"192";"5198";"72964";"1721597";"C++";"False";"18";"42";"0";"0";"0";"4"
"2";"OpenELEC/OpenELEC.tv";"OpenELEC/OpenELEC.tv";"https://github.com/OpenELEC/OpenELEC.tv";"635";"1214";"10";"2010-11-18 22:06:47";"False";"True";"108";"False";"635";"2015-01-19 18:54:51";"255348";"2015-01-19 19:36:46";"1214";"178437";"OpenELEC - Media Center Operating System";"https://www.openhub.net/p/OpenELEC.xml";"https://www.openhub.net/p/OpenELEC";"2009-01-16T17:53:14Z";"2015-01-18T12:09:20Z";"http://openelec.tv";"5.0";"3";"0";"70";"14";"61";"188";"3076";"54405";"79022";"shell script";"None";"0";"0";"0";"0";"0";"0"
"70";"scummvm/scummvm";"scummvm/scummvm";"https://github.com/scummvm/scummvm";"227";"460";"49";"2011-02-12 15:50:57";"False";"False";"20";"False";"227";"2015-01-20 00:16:28";"226757";"2015-01-20 00:16:29";"460";"113";"ScummVM";"https://www.openhub.net/p/scummvm.xml";"https://www.openhub.net/p/scummvm";"2006-10-10T15:51:31Z";"2015-01-13T18:44:40Z";"http://www.scummvm.org/";"4.75758";"66";"0";"70";"167";"64";"192";"5198";"72964";"1721597";"C++";"False";"2";"0";"0";"2";"0";"0"
"2";"OpenELEC/OpenELEC.tv";"OpenELEC/OpenELEC.tv";"https://github.com/OpenELEC/OpenELEC.tv";"635";"1214";"10";"2010-11-18 22:06:47";"False";"True";"108";"False";"635";"2015-01-19 18:54:51";"255348";"2015-01-19 19:36:46";"1214";"178437";"OpenELEC - Media Center Operating System";"https://www.openhub.net/p/OpenELEC.xml";"https://www.openhub.net/p/OpenELEC";"2009-01-16T17:53:14Z";"2015-01-18T12:09:20Z";"http://openelec.tv";"5.0";"3";"0";"70";"14";"61";"188";"3076";"54405";"79022";"shell script";"None";"0";"0";"0";"0";"0";"0"
"70";"scummvm/scummvm";"scummvm/scummvm";"https://github.com/scummvm/scummvm";"227";"460";"49";"2011-02-12 15:50:57";"False";"False";"20";"False";"227";"2015-01-20 00:16:28";"226757";"2015-01-20 00:16:29";"460";"113";"ScummVM";"https://www.openhub.net/p/scummvm.xml";"https://www.openhub.net/p/scummvm";"2006-10-10T15:51:31Z";"2015-01-13T18:44:40Z";"http://www.scummvm.org/";"4.75758";"66";"0";"70";"167";"64";"192";"5198";"72964";"1721597";"C++";"True";"18";"66";"0";"3";"0";"0"
"70";"scummvm/scummvm";"scummvm/scummvm";"https://github.com/scummvm/scummvm";"227";"460";"49";"2011-02-12 15:50:57";"False";"False";"20";"False";"227";"2015-01-20 00:16:28";"226757";"2015-01-20 00:16:29";"460";"113";"ScummVM";"https://www.openhub.net/p/scummvm.xml";"https://www.openhub.net/p/scummvm";"2006-10-10T15:51:31Z";"2015-01-13T18:44:40Z";"http://www.scummvm.org/";"4.75758";"66";"0";"70";"167";"64";"192";"5198";"72964";"1721597";"C++";"None";"0";"0";"0";"0";"0";"0"
"70";"scummvm/scummvm";"scummvm/scummvm";"https://github.com/scummvm/scummvm";"227";"460";"49";"2011-02-12 15:50:57";"False";"False";"20";"False";"227";"2015-01-20 00:16:28";"226757";"2015-01-20 00:16:29";"460";"113";"ScummVM";"https://www.openhub.net/p/scummvm.xml";"https://www.openhub.net/p/scummvm";"2006-10-10T15:51:31Z";"2015-01-13T18:44:40Z";"http://www.scummvm.org/";"4.75758";"66";"0";"70";"167";"64";"192";"5198";"72964";"1721597";"C++";"True";"4";"1";"6";"0";"0";"0"
"70";"scummvm/scummvm";"scummvm/scummvm";"https://github.com/scummvm/scummvm";"227";"460";"49";"2011-02-12 15:50:57";"False";"False";"20";"False";"227";"2015-01-20 00:16:28";"226757";"2015-01-20 00:16:29";"460";"113";"ScummVM";"https://www.openhub.net/p/scummvm.xml";"https://www.openhub.net/p/scummvm";"2006-10-10T15:51:31Z";"2015-01-13T18:44:40Z";"http://www.scummvm.org/";"4.75758";"66";"0";"70";"167";"64";"192";"5198";"72964";"1721597";"C++";"False";"3";"1";"0";"0";"2";"1"
"70";"scummvm/scummvm";"scummvm/scummvm";"https://github.com/scummvm/scummvm";"227";"460";"49";"2011-02-12 15:50:57";"False";"False";"20";"False";"227";"2015-01-20 00:16:28";"226757";"2015-01-20 00:16:29";"460";"113";"ScummVM";"https://www.openhub.net/p/scummvm.xml";"https://www.openhub.net/p/scummvm";"2006-10-10T15:51:31Z";"2015-01-13T18:44:40Z";"http://www.scummvm.org/";"4.75758";"66";"0";"70";"167";"64";"192";"5198";"72964";"1721597";"C++";"None";"0";"0";"0";"0";"0";"0"
"70";"scummvm/scummvm";"scummvm/scummvm";"https://github.com/scummvm/scummvm";"227";"460";"49";"2011-02-12 15:50:57";"False";"False";"20";"False";"227";"2015-01-20 00:16:28";"226757";"2015-01-20 00:16:29";"460";"113";"ScummVM";"https://www.openhub.net/p/scummvm.xml";"https://www.openhub.net/p/scummvm";"2006-10-10T15:51:31Z";"2015-01-13T18:44:40Z";"http://www.scummvm.org/";"4.75758";"66";"0";"70";"167";"64";"192";"5198";"72964";"1721597";"C++";"False";"8";"15";"0";"0";"0";"0"
"70";"scummvm/scummvm";"scummvm/scummvm";"https://github.com/scummvm/scummvm";"227";"460";"49";"2011-02-12 15:50:57";"False";"False";"20";"False";"227";"2015-01-20 00:16:28";"226757";"2015-01-20 00:16:29";"460";"113";"ScummVM";"https://www.openhub.net/p/scummvm.xml";"https://www.openhub.net/p/scummvm";"2006-10-10T15:51:31Z";"2015-01-13T18:44:40Z";"http://www.scummvm.org/";"4.75758";"66";"0";"70";"167";"64";"192";"5198";"72964";"1721597";"C++";"None";"0";"0";"0";"0";"0";"0"
"70";"scummvm/scummvm";"scummvm/scummvm";"https://github.com/scummvm/scummvm";"227";"460";"49";"2011-02-12 15:50:57";"False";"False";"20";"False";"227";"2015-01-20 00:16:28";"226757";"2015-01-20 00:16:29";"460";"113";"ScummVM";"https://www.openhub.net/p/scummvm.xml";"https://www.openhub.net/p/scummvm";"2006-10-10T15:51:31Z";"2015-01-13T18:44:40Z";"http://www.scummvm.org/";"4.75758";"66";"0";"70";"167";"64";"192";"5198";"72964";"1721597";"C++";"False";"3";"5";"1";"0";"0";"0"
"70";"scummvm/scummvm";"scummvm/scummvm";"https://github.com/scummvm/scummvm";"227";"460";"49";"2011-02-12 15:50:57";"False";"False";"20";"False";"227";"2015-01-20 00:16:28";"226757";"2015-01-20 00:16:29";"460";"113";"ScummVM";"https://www.openhub.net/p/scummvm.xml";"https://www.openhub.net/p/scummvm";"2006-10-10T15:51:31Z";"2015-01-13T18:44:40Z";"http://www.scummvm.org/";"4.75758";"66";"0";"70";"167";"64";"192";"5198";"72964";"1721597";"C++";"True";"4";"4";"0";"0";"0";"0"
"9";"SpoutDev/Spout";"SpoutDev/Spout";"https://github.com/SpoutDev/Spout";"119";"363";"11";"2011-05-01 16:23:36";"False";"False";"0";"False";"119";"2014-01-03 04:21:18";"61058";"2015-01-19 00:09:56";"363";"634214";"Spout";"https://www.openhub.net/p/spout.xml";"https://www.openhub.net/p/spout";"2013-03-14T22:02:18Z";"2014-12-27T04:02:38Z";"http://www.spout.org";"5.0";"2";"0";"30";"5";"0";"99";"2";"5912";"70573";"Java";"False";"30";"33";"0";"0";"0";"16"
"70";"scummvm/scummvm";"scummvm/scummvm";"https://github.com/scummvm/scummvm";"227";"460";"49";"2011-02-12 15:50:57";"False";"False";"20";"False";"227";"2015-01-20 00:16:28";"226757";"2015-01-20 00:16:29";"460";"113";"ScummVM";"https://www.openhub.net/p/scummvm.xml";"https://www.openhub.net/p/scummvm";"2006-10-10T15:51:31Z";"2015-01-13T18:44:40Z";"http://www.scummvm.org/";"4.75758";"66";"0";"70";"167";"64";"192";"5198";"72964";"1721597";"C++";"None";"0";"0";"0";"0";"0";"0"
"9";"SpoutDev/Spout";"SpoutDev/Spout";"https://github.com/SpoutDev/Spout";"119";"363";"11";"2011-05-01 16:23:36";"False";"False";"0";"False";"119";"2014-01-03 04:21:18";"61058";"2015-01-19 00:09:56";"363";"634214";"Spout";"https://www.openhub.net/p/spout.xml";"https://www.openhub.net/p/spout";"2013-03-14T22:02:18Z";"2014-12-27T04:02:38Z";"http://www.spout.org";"5.0";"2";"0";"30";"5";"0";"99";"2";"5912";"70573";"Java";"False";"3";"0";"0";"0";"0";"0"
"70";"scummvm/scummvm";"scummvm/scummvm";"https://github.com/scummvm/scummvm";"227";"460";"49";"2011-02-12 15:50:57";"False";"False";"20";"False";"227";"2015-01-20 00:16:28";"226757";"2015-01-20 00:16:29";"460";"113";"ScummVM";"https://www.openhub.net/p/scummvm.xml";"https://www.openhub.net/p/scummvm";"2006-10-10T15:51:31Z";"2015-01-13T18:44:40Z";"http://www.scummvm.org/";"4.75758";"66";"0";"70";"167";"64";"192";"5198";"72964";"1721597";"C++";"True";"252";"585";"0";"7";"13";"0"
"9";"SpoutDev/Spout";"SpoutDev/Spout";"https://github.com/SpoutDev/Spout";"119";"363";"11";"2011-05-01 16:23:36";"False";"False";"0";"False";"119";"2014-01-03 04:21:18";"61058";"2015-01-19 00:09:56";"363";"634214";"Spout";"https://www.openhub.net/p/spout.xml";"https://www.openhub.net/p/spout";"2013-03-14T22:02:18Z";"2014-12-27T04:02:38Z";"http://www.spout.org";"5.0";"2";"0";"30";"5";"0";"99";"2";"5912";"70573";"Java";"False";"65";"171";"0";"9";"86";"0"
"70";"scummvm/scummvm";"scummvm/scummvm";"https://github.com/scummvm/scummvm";"227";"460";"49";"2011-02-12 15:50:57";"False";"False";"20";"False";"227";"2015-01-20 00:16:28";"226757";"2015-01-20 00:16:29";"460";"113";"ScummVM";"https://www.openhub.net/p/scummvm.xml";"https://www.openhub.net/p/scummvm";"2006-10-10T15:51:31Z";"2015-01-13T18:44:40Z";"http://www.scummvm.org/";"4.75758";"66";"0";"70";"167";"64";"192";"5198";"72964";"1721597";"C++";"True";"8";"23";"0";"0";"0";"0"
"9";"SpoutDev/Spout";"SpoutDev/Spout";"https://github.com/SpoutDev/Spout";"119";"363";"11";"2011-05-01 16:23:36";"False";"False";"0";"False";"119";"2014-01-03 04:21:18";"61058";"2015-01-19 00:09:56";"363";"634214";"Spout";"https://www.openhub.net/p/spout.xml";"https://www.openhub.net/p/spout";"2013-03-14T22:02:18Z";"2014-12-27T04:02:38Z";"http://www.spout.org";"5.0";"2";"0";"30";"5";"0";"99";"2";"5912";"70573";"Java";"True";"1270";"83";"0";"0";"1148";"10"
"70";"scummvm/scummvm";"scummvm/scummvm";"https://github.com/scummvm/scummvm";"227";"460";"49";"2011-02-12 15:50:57";"False";"False";"20";"False";"227";"2015-01-20 00:16:28";"226757";"2015-01-20 00:16:29";"460";"113";"ScummVM";"https://www.openhub.net/p/scummvm.xml";"https://www.openhub.net/p/scummvm";"2006-10-10T15:51:31Z";"2015-01-13T18:44:40Z";"http://www.scummvm.org/";"4.75758";"66";"0";"70";"167";"64";"192";"5198";"72964";"1721597";"C++";"False";"27";"42";"0";"11";"0";"0"
"70";"scummvm/scummvm";"scummvm/scummvm";"https://github.com/scummvm/scummvm";"227";"460";"49";"2011-02-12 15:50:57";"False";"False";"20";"False";"227";"2015-01-20 00:16:28";"226757";"2015-01-20 00:16:29";"460";"113";"ScummVM";"https://www.openhub.net/p/scummvm.xml";"https://www.openhub.net/p/scummvm";"2006-10-10T15:51:31Z";"2015-01-13T18:44:40Z";"http://www.scummvm.org/";"4.75758";"66";"0";"70";"167";"64";"192";"5198";"72964";"1721597";"C++";"False";"630";"1097";"8";"7";"0";"0"
"70";"scummvm/scummvm";"scummvm/scummvm";"https://github.com/scummvm/scummvm";"227";"460";"49";"2011-02-12 15:50:57";"False";"False";"20";"False";"227";"2015-01-20 00:16:28";"226757";"2015-01-20 00:16:29";"460";"113";"ScummVM";"https://www.openhub.net/p/scummvm.xml";"https://www.openhub.net/p/scummvm";"2006-10-10T15:51:31Z";"2015-01-13T18:44:40Z";"http://www.scummvm.org/";"4.75758";"66";"0";"70";"167";"64";"192";"5198";"72964";"1721597";"C++";"False";"26";"92";"0";"18";"0";"0"
"70";"scummvm/scummvm";"scummvm/scummvm";"https://github.com/scummvm/scummvm";"227";"460";"49";"2011-02-12 15:50:57";"False";"False";"20";"False";"227";"2015-01-20 00:16:28";"226757";"2015-01-20 00:16:29";"460";"113";"ScummVM";"https://www.openhub.net/p/scummvm.xml";"https://www.openhub.net/p/scummvm";"2006-10-10T15:51:31Z";"2015-01-13T18:44:40Z";"http://www.scummvm.org/";"4.75758";"66";"0";"70";"167";"64";"192";"5198";"72964";"1721597";"C++";"None";"0";"0";"0";"0";"0";"0"
"70";"scummvm/scummvm";"scummvm/scummvm";"https://github.com/scummvm/scummvm";"227";"460";"49";"2011-02-12 15:50:57";"False";"False";"20";"False";"227";"2015-01-20 00:16:28";"226757";"2015-01-20 00:16:29";"460";"113";"ScummVM";"https://www.openhub.net/p/scummvm.xml";"https://www.openhub.net/p/scummvm";"2006-10-10T15:51:31Z";"2015-01-13T18:44:40Z";"http://www.scummvm.org/";"4.75758";"66";"0";"70";"167";"64";"192";"5198";"72964";"1721597";"C++";"False";"2";"0";"0";"0";"0";"0"
"70";"scummvm/scummvm";"scummvm/scummvm";"https://github.com/scummvm/scummvm";"227";"460";"49";"2011-02-12 15:50:57";"False";"False";"20";"False";"227";"2015-01-20 00:16:28";"226757";"2015-01-20 00:16:29";"460";"113";"ScummVM";"https://www.openhub.net/p/scummvm.xml";"https://www.openhub.net/p/scummvm";"2006-10-10T15:51:31Z";"2015-01-13T18:44:40Z";"http://www.scummvm.org/";"4.75758";"66";"0";"70";"167";"64";"192";"5198";"72964";"1721597";"C++";"None";"0";"0";"0";"0";"0";"0"
"70";"scummvm/scummvm";"scummvm/scummvm";"https://github.com/scummvm/scummvm";"227";"460";"49";"2011-02-12 15:50:57";"False";"False";"20";"False";"227";"2015-01-20 00:16:28";"226757";"2015-01-20 00:16:29";"460";"113";"ScummVM";"https://www.openhub.net/p/scummvm.xml";"https://www.openhub.net/p/scummvm";"2006-10-10T15:51:31Z";"2015-01-13T18:44:40Z";"http://www.scummvm.org/";"4.75758";"66";"0";"70";"167";"64";"192";"5198";"72964";"1721597";"C++";"False";"2";"2";"0";"1";"0";"0"
"70";"scummvm/scummvm";"scummvm/scummvm";"https://github.com/scummvm/scummvm";"227";"460";"49";"2011-02-12 15:50:57";"False";"False";"20";"False";"227";"2015-01-20 00:16:28";"226757";"2015-01-20 00:16:29";"460";"113";"ScummVM";"https://www.openhub.net/p/scummvm.xml";"https://www.openhub.net/p/scummvm";"2006-10-10T15:51:31Z";"2015-01-13T18:44:40Z";"http://www.scummvm.org/";"4.75758";"66";"0";"70";"167";"64";"192";"5198";"72964";"1721597";"C++";"None";"0";"0";"0";"0";"0";"0"
